"","V1","V2","V3","V4","V5"
"1",28,6.89609831965271,-0.103901680347286,100,-0.103901680347286
"2",27.6759963727075,6.67599637270745,-0.324003627292548,100,-0.324003627292548
"3",26.9977049222207,6.06127578905416,-1.18507722749501,99.6759963727075,-0.938724210945836
"4",27.5486645871651,6.8821767065937,-0.858521899809663,98.6737012949282,-0.117823293406302
"5",28.0118469375463,7.71059217309939,0.122205311505773,98.2223658820933,0.710592173099389
"6",27.6333690265105,6.74666386366329,-0.0894989241051996,98.2342128196396,-0.25333613633671
"7",27.8942381539731,6.8275910195934,-0.229325986863232,97.86758184615,-0.172408980406602
"8",27.622199546816,6.8992378892159,-0.326016965141944,97.7618200001231,-0.100762110784095
"9",27.7820214745073,6.81895754453231,-0.324879480448317,97.3840195469391,-0.181042455467694
"10",27.6769303932523,6.94853458442835,-0.307690079626938,97.1660410214465,-0.0514654155716496
"11",27.7235081041064,6.8334215079673,-0.321920863428796,96.8429714146987,-0.166578492032701
"12",28.1302062335415,7.34469004963576,0.116167465120533,96.5664795188052,0.344690049635756
"13",28.1392631404013,7.25747206467353,0.329778651925897,96.6966857523467,0.24078836928847
"14",27.5324523478138,6.36671424748617,-0.396967024287433,96.835948892748,-0.0665315626190199
"15",26.8655186946193,5.83934730779267,-1.42687031488598,96.3684012405618,-1.57200996345966
"16",27.8968061182416,7.37613381783795,-0.55434255497099,95.2339199351811,-1.27847598561363
"17",28.0796247409854,7.80858566207626,0.422484049972648,95.1307260534227,1.08672599093734
"18",27.9182562088698,6.74635225550737,0.14682218782573,95.2103507944081,0.555249525739547
"19",28.4238814828916,7.35305533332586,0.374365555886906,95.1286070032779,-0.42605672489923
"20",28.1827908938684,7.21597947079994,0.407289871004012,95.5524884861695,0.252293222541764
"21",28.9871494407772,7.64650948757107,0.967063388431073,95.7352793800379,0.0349370153322419
"22",28.5923980988793,7.45108882262352,0.973620052441196,96.7224288208151,0.595044071999417
"23",28.5315122680597,6.7999109485245,0.515847254532312,97.3148269196943,0.284510330590817
"24",28.3866640862342,7.11428761079843,0.34242384988028,97.846339187754,0.144600998160259
"25",28.3791373648242,7.08218572396249,0.335395116360947,98.2330032739882,0.355075980086901
"26",28.253559984697,7.04886568241848,0.256584364572861,98.6121406388125,0.0156541613434691
"27",28.3158022260436,7.09866678300962,0.278499410520272,98.8657006235095,-1.52314428104118
"28",29.1338308540636,7.99930628909047,1.16512034044786,99.1815028495531,-1.17980920260401
"29",28.8387621598851,7.55124906851376,1.2785965435067,100.315333703617,2.0860322800278
"30",28.7728912553272,6.93897529188203,0.819249075945204,101.154095863502,1.10649859425331
"31",28.7709071702537,7.32781376895708,0.755375451981732,101.926987118829,-0.487081433017196
"32",29.4732862354336,8.01585386814857,1.5171746541317,102.697894289083,0.580106991498842
"33",29.8287695290766,8.28869490656926,2.23364479167403,104.171180524516,1.05079088348081
"34",29.7454574247754,7.66370488810875,2.12466217720237,105.999950053593,1.88373897856868
"35",29.4863929130736,7.304523219102,1.62251838906838,107.745407478368,0.948215218699571
"36",29.3350582351989,7.31373119915933,1.31604430448009,109.231800391442,0.449124217262263
"37",28.3070210114777,6.46985834974759,0.299132144817184,110.566858626641,0.668807179246228
"38",27.6155953508633,5.93579383211778,-0.826156039435886,110.873879638118,-0.514487488908946
"39",27.6794280220782,6.77717558811971,-0.788718548746539,110.489474988982,-2.5873504489234
"40",27.4846584647853,6.85796142236627,-0.607133117532788,110.16890301106,-1.40263361448429
"41",27.1382037349934,6.33982473629988,-0.972684508137443,109.653561475845,1.94399370239408
"42",26.6700424771659,6.0599478936575,-1.56652653321612,108.791765210839,0.446323330553186
"43",27.7255211433031,7.37078848399617,-0.617388886332015,107.461807688005,-1.4271335393597
"44",27.6408221923379,7.44486227879677,0.00992192271224679,107.187328831308,0.950895475495008
"45",27.8800901923426,6.83434167013544,-0.0337057898495525,106.828151023645,1.49565316227758
"46",28.5056418181968,7.71860026057293,0.588275518527712,106.708241215988,1.71808064870412
"47",27.9823670958339,6.94271063591844,0.320246742225598,107.213883034185,1.6668154792725
"48",28.2208503742087,6.83337049591551,0.082185167920535,107.196250130019,0.391834853180699
"49",27.808394811448,6.90519024684813,-0.146856313787008,107.417100504227,0.502177675161738
"50",28.3930789371852,7.24952427673524,0.235698340971939,107.225495315675,-0.609297242060817
"51",28.6623905389063,7.80741695952898,0.883576459789712,107.618574252861,-2.33782617218816
"52",29.2981648054791,7.90867182721928,1.54219190954585,108.280964791767,-0.595216654955311
"53",28.4900705489608,6.96587945720924,0.892028644211607,109.579129597246,2.85266552961335
"54",28.4011387622678,6.55655506059707,0.176971567712372,110.069200146207,0.412202787762424
"55",27.7934880775965,6.67313801526863,-0.32980607323525,110.470338908475,-1.87057847876263
"56",28.0722677420028,6.90701384069212,-0.215928337111065,110.263826986071,0.624033490763635
"57",27.9991920947571,7.2248930447635,0.0390549965379845,110.336094728074,1.4026670029697
"58",28.6349534307849,7.53963394336247,0.64250350211913,110.335286822831,1.94297369346762
"59",28.0038659081123,6.95612848262933,0.311459432144836,110.970240253616,2.20644942263497
"60",27.8565711922737,6.39884847119634,-0.325519241863722,110.974106161728,0.347963335810027
"61",27.6116225650127,6.7565222124093,-0.550106432512886,110.830677354002,-0.0989738536419225
"62",27.5932041077796,6.73612243354481,-0.55993148260917,110.442299919015,-0.852775029651515
"63",27.6404318013482,6.9306230941386,-0.430256655533993,110.035504026794,-2.60170373864335
"64",27.4154680586287,6.66275865954526,-0.591972391055032,109.675935828143,-0.664593560816708
"65",26.9450370033524,6.17695216315253,-1.18600276481336,109.091403886771,2.51542418915861
"66",26.9684716881892,6.41932166392446,-1.33915599932563,108.036440890124,-0.410845049085048
"67",26.3379290490879,6.07790353016726,-1.79006136599771,107.004912578313,-2.45125681483817
"68",26.8106794191336,6.49804466943256,-1.57351802636667,105.342841627401,-0.298062979069104
"69",27.143411565089,7.24241376235207,-0.824834185926212,104.153521046534,0.900711672402261
"70",26.8105521926642,6.40348695468755,-1.04014912321238,103.296932611623,2.18538745581969
"71",27.4236185458373,6.90954967772489,-0.756189830385103,102.107484804288,1.60993637732252
"72",27.4654695726326,7.19962656799934,-0.357858909433809,101.531103350125,0.257513013534917
"73",28.2377014507515,7.45636510094485,0.304109551801992,100.996572922758,0.100652714357421
"74",27.9918821498977,7.23193380715287,0.346440102792727,101.234274373509,-0.396409928706664
"75",27.7732145124185,6.49062986314047,-0.224943573519205,101.226156523407,-2.36976993149048
"76",28.0909261847925,7.1693668902822,-0.0533905855737558,100.999371035825,-1.17396369767624
"77",28.3007012223365,7.45318940639451,0.413068605145792,101.090297220618,2.68479107944081
"78",28.2168740876156,7.07371215993924,0.372606073455498,101.390998442954,0.04234435730946
"79",29.097134525639,7.87803673560157,1.10563854909828,101.60787253057,-2.37754465489893
"80",29.8280425270997,8.62532698814319,2.27161813338354,102.705007056209,0.579973756532462
"81",29.3991192637763,7.47192171100555,1.96460914262465,104.533049583309,2.52603866054545
"82",29.5517365167185,7.32603222121325,1.56756498215825,105.932168847085,2.65730916682523
"83",28.9841712549191,7.20552066401928,1.09836897298929,107.483905363803,1.93596859853577
"84",29.2099313490723,7.2880789769361,1.05613668975481,108.468076618722,0.4630336775542
"85",28.5447193246211,7.04098755468301,0.647032222890143,109.678007967795,0.388731691293519
"86",27.8590900004012,6.14014346014009,-0.357214404207847,110.222727292416,-0.355422374023658
"87",27.6649974461592,6.540976115697,-0.732816546650477,110.081817292817,-3.22962647135039
"88",27.4930339128071,6.74238042607277,-0.70986416967661,109.746814738976,-1.63298758197924
"89",28.0418099536838,7.30411730125272,-0.0947949493549903,109.239848651783,2.42717150551357
"90",27.8217537433501,7.112237794454,0.0365792430156228,109.281658605467,0.346461658562184
"91",28.2155841934015,7.09684277410366,0.185311430715245,109.103412348817,-2.26530686044493
"92",29.0510915801416,8.16665055586297,1.20472169775508,109.318996542219,0.676816530636127
"93",28.3505833037352,7.05282181257552,0.838564153650579,110.37008812236,3.69268921640842
"94",27.5951967783215,5.84862519086033,-0.564509915128173,110.720671426096,2.71013097940075
"95",27.3856181208854,6.39440769619359,-1.06560546925693,110.315868204417,0.784593789396101
"96",27.8334126452316,7.25993164653596,-0.405467022561915,109.701486325302,-0.142558626252211
"97",27.5374678564149,6.91147286830175,-0.310982624991124,109.534898970534,0.648663337829476
"98",28.7104079697847,7.74758388496242,0.613465693951024,109.072366826949,-0.443949505721911
"99",28.3291775391919,7.55617654109339,0.841838075391558,109.782774796734,-2.48204258638797
"100",28.9744234927674,7.33288025045032,0.997748451227703,110.111952335925,-1.07681104088585
"101",28.6769049345192,7.49164043067909,0.969198078767406,111.086375828693,2.7600517559639
"102",27.9617994162133,6.26165129119914,-0.0284157849165235,111.763280763212,0.838102089241276
"103",27.4306746619506,6.15175210095656,-0.921147349940793,111.725080179425,-3.00365556924579
"104",28.165217737152,7.39180472753247,-0.203133453407211,111.155754841376,-0.171431368407317
"105",28.2547478885258,7.64011823561097,0.507809186866304,111.320972578528,4.08449394394088
"106",28.1345524024524,6.87056252186003,0.293718750268184,111.575720467054,3.35024921501172
"107",28.9318804957622,7.76970250058033,0.902149326114682,111.710272869506,0.655156311256125
"108",28.4393330483481,7.30276432559653,0.830588395124387,112.642153365268,0.627143874328115
"109",28.8728421165726,7.186210859304,0.803425960632258,113.081486413617,0.951427663426007
"110",28.6064970830291,7.39858798067128,0.785048287887743,113.954328530189,-0.257738646417912
"111",29.0493432121084,7.45250712002631,1.03796091304815,114.560825613218,-2.08345460571669
"112",27.2227394310858,5.86442405457425,-0.550671013258612,115.610168825327,-0.62430392085954
"113",27.6289108467899,6.07847417839943,-1.14893856080267,114.832908256412,1.62447581053815
"114",27.2453450079013,7.06244360738332,-0.861702053413761,114.461819103202,-0.0834237323592969
"115",27.5881672371095,6.76759220715866,-0.572727924860898,113.707164111104,-2.94121196186247
"116",27.1415190283118,6.64812517673777,-0.793594923975419,113.295331348213,-0.403839161248654
"117",27.2321509248267,6.45604106293597,-0.972006360885317,112.436850376525,3.73261912067865
"118",26.7341513991901,6.34255772611593,-1.3431570698023,111.669001301352,2.8062902779477
"119",26.0111842457949,5.51033943594611,-2.27887648677346,110.403152700542,-0.00228596262794667
"120",26.1065614254623,6.05560568767953,-2.41325148688115,108.414336946337,-0.862516689725773
"121",26.4642488828154,6.81971187712674,-1.72849503162063,106.520898371799,0.00703335110553505
"122",26.9771913044435,7.07639088144608,-0.963152861944134,104.985147254614,-0.438026769291174
"123",26.7379667676624,6.54836634093806,-1.06298835569701,103.962338559058,-2.00706372427061
"124",27.1644634523464,6.70458130177209,-0.954933485705131,102.70030532672,-1.07593757992148
"125",27.5111408543532,7.28856861033477,-0.397444564717768,101.864768779067,1.32905711231024
"126",28.2475604052507,7.63300565533505,0.422121083774099,101.37590963342,0.20514487797547
"127",27.8645818350668,7.01634170440017,0.247106306601216,101.623470038671,-2.30820630652742
"128",27.913179219116,6.64581712324294,-0.157882100482802,101.488051873737,-0.387497456848482
"129",27.0086713670377,6.1668422089807,-1.03012621230875,101.401231092853,3.37843624392159
"130",26.4455293675311,5.57873537842788,-2.005998379403,100.409902459891,1.9731324869284
"131",27.461533664165,7.31250497915907,-1.01606143918662,98.8554318274223,-1.42355058420007
"132",27.462294106761,7.42718058280002,-0.21735656912581,98.3169654915873,-0.550011710566707
"133",26.6243082897255,5.73933580803215,-1.27076353095619,97.7792595983483,0.434213933905556
"134",27.4503941701456,6.86203365377982,-1.00613168893539,96.4035678880738,-1.69869096125903
"135",27.8846121358842,7.8171525126871,0.0840386419901097,95.8539620582194,-2.14503007049079
"136",27.7821937820813,6.90055350683037,0.0764823801196053,95.7385741941037,-0.258785067234376
"137",28.0828375831295,7.07228024281535,0.0843417709433756,95.520767976185,1.22961061914061
"138",28.0932551047873,7.21756037191155,0.21399200052475,95.6036055593145,0.277425120790821
"139",27.6402271619284,6.52551928583345,-0.306675314276891,95.6968606641018,-2.09064593461588
"140",27.5222184755491,6.50844797636656,-0.69630918551319,95.3370878260302,-0.86197817101503
"141",26.9989414338514,6.32533960171342,-1.14867092000349,94.8593063015793,2.88688422028815
"142",27.03275499985,6.40131125807449,-1.27884944380348,93.8582477354307,1.29847208864182
"143",27.1838525907078,6.9010051382151,-0.94257351176096,92.8910027352808,-2.02223932612558
"144",27.4093983595388,6.97720720168482,-0.578026095802981,92.0748553259886,-0.649006572351611
"145",27.0537101990416,6.49727504774663,-0.869493572473229,91.4842536855274,0.411421135590378
"146",27.3013210842313,6.64979228950788,-0.886288703213186,90.537963884569,-2.2014159135124
"147",27.5806127708622,7.20778297463221,-0.411618415079663,89.8392849688004,-2.49523778098291
"148",27.5039407149231,6.85020739898908,-0.370655441938706,89.4198977396625,-0.0510020926021642
"149",27.367846530769,6.57268869194451,-0.660745767111853,88.9238384545857,1.07981801812969
"150",27.8113151791579,7.14362189321737,-0.302190150706047,88.2916849853547,-0.14988618726467
"151",28.4715797021079,7.84142623217226,0.630010097674556,88.1030001645125,-1.94702404139851
"152",27.7877231453213,6.74366601757833,0.166733080111788,88.5745798666204,-0.0205519388427676
"153",27.9684956340638,6.61056212163718,-0.247985031968913,88.3623030119417,2.63055023786648
"154",28.7809776137483,8.03599912315321,0.760764560341909,88.3307986460055,0.909034210279
"155",28.361827990679,7.26183523329571,0.79117182332967,89.1117762597538,-0.986240202972362
"156",27.1813059131481,5.57620331533482,-0.859852988268344,89.4736042504328,-0.387171339055898
"157",28.1385990010462,7.12395755532966,-0.485015025601412,88.6549101635809,-1.0123755490748
"158",27.7450318797794,7.39661560025075,0.001096746794501,88.7935091646271,-2.07745835818274
"159",28.1046934125203,6.85847318555018,0.0516328142658703,88.5385410444065,-2.09862218073216
"160",28.3619871953598,7.56420069088632,0.46887079633747,88.6432344569268,-0.19252890705198
"161",28.4901032108438,7.32498192904683,0.676431255723666,89.0052216522866,1.64401870901602
"162",29.3559422116585,8.06828672654428,1.48136045267315,89.4953248631304,0.175095741782165
"163",28.7580955955207,7.34564437357294,1.2432585628549,90.8512670747889,-0.878737314854228
"164",28.3884924020589,6.43932612438988,0.305702508920144,91.6093626703096,0.32509243473017
"165",27.5676603025336,6.26773009800108,-0.64777312877015,91.9978550723685,2.06987636225637
"166",28.1571220019011,7.07984151722476,-0.277844026802019,91.5655153749021,0.176764308280081
"167",28.0915822562658,7.46873804268381,0.24113283319335,91.7226373768032,-0.906398685747604
"168",28.0693616627427,6.85628425927935,0.130114967969534,91.814219633069,0.0815667036279105
"169",28.3156604241191,7.27578065373272,0.301785320907209,91.8835812958117,-1.15609128979545
"170",28.1375981130862,7.0753239473154,0.262491927073198,92.1992417199308,-1.80167770445003
"171",27.8660178913066,6.63954852380817,-0.166435207928819,92.336839833017,-2.02329823341676
"172",27.7211913190988,6.70180757761109,-0.429895647419562,92.2028577243236,-0.552980383243812
"173",28.6232861017472,7.77652969184468,0.503472836985627,91.9240490434224,1.34582628662711
"174",28.7180636053246,7.82834100257313,1.12931866887664,92.5473351451696,0.951625433626847
"175",28.8393693838326,7.26024720705288,1.05668143231436,93.2653987504942,-0.0503963122810993
"176",28.6137194565781,7.14366680372803,0.737905648705644,94.1047681343268,0.585339641783053
"177",27.9849314387031,6.47000689380403,-0.0521548590647229,94.7184875909049,2.2135431659844
"178",28.4954636725494,7.23136009054768,0.192439035756741,94.703419029608,-0.353228797915892
"179",28.7489573058149,7.83914138857514,0.915138300944781,95.1988827021574,-0.675038595199919
"180",28.4917321533542,7.05693818066482,0.724635939803923,95.9478400079723,0.920708092203052
"181",28.9837831449834,7.49940804069657,0.943086688817229,96.4395721613266,-1.09915310913063
"182",29.4181853329552,8.12304090226295,1.66262055816006,97.4233553063099,-1.30226966375346
"183",28.7731866318837,7.02630798640457,1.12813968484655,98.8415406392651,-0.900257331153808
"184",29.2608580428576,7.36904040038802,1.09844797194481,99.6147272711488,-0.52667239683924
"185",29.2962699317119,7.91130867239049,1.50392888328075,100.875585314006,1.71486668701513
"186",28.9177998539472,7.04272426261411,1.09203985891075,102.171855245718,1.86293410601734
"187",28.2231549944006,6.46284084717342,0.129616515177717,103.089655099666,-0.00767204966698808
"188",27.6478353488485,6.23692064022594,-0.688226902035553,103.312810094066,0.0481804889564768
"189",26.9163059139348,5.98358875241042,-1.45298333956973,102.960645442915,1.45046380621034
"190",26.6139828829176,6.02277338917738,-1.8569781104971,101.87695135685,-1.36964004550547
"191",26.6902212636828,6.53512814061619,-1.63921295873823,100.490934239767,-1.65226520602254
"192",27.0295472745245,6.9308817143818,-1.07167995763109,99.18115550345,0.455836232819243
"193",27.5823019957699,7.33132436387849,-0.329046137044375,98.2107027779745,-1.16827139474883
"194",26.7227115627625,6.18815379090124,-1.0213371258803,97.7930047737444,-0.970945299874968
"195",27.1079860271332,6.33266236155274,-1.27366238869231,96.5157163365069,-1.71210354025256
"196",27.1595139280647,7.08064641927405,-0.857601690977654,95.62370236364,-1.1940100352865
"197",27.9927213426808,7.45078943851858,0.00998274005778022,94.7832162917047,1.79551310628918
"198",28.8821520962747,8.30070699949806,1.24713568467775,94.7759376343855,2.31372354453592
"199",28.5245553912946,7.2650787398305,1.08541030012546,95.6580897306602,1.29303494983108
"200",28.2437992105405,6.55466564405615,0.251271810292752,96.1826451219548,0.313259228786977
"201",28.8876944472375,7.67088658466901,0.733971695553788,96.4264443324953,1.00512945026649
"202",27.8922921688648,6.73814392472379,0.191999866645553,97.3141387797327,-0.698753460836463
"203",28.4291817251886,6.85201034050465,0.083764530446474,97.2064309485975,-1.91412128129875
"204",28.4470458032775,7.66809310309583,0.568594714287739,97.6356126737861,0.307846573323891
"205",28.2543331217435,6.87799905474155,0.36847241943645,98.0826584770636,-0.500178291653002
"206",27.4534642773361,6.19628614909159,-0.609097886269016,98.3369915988071,-1.09294624513342
"207",26.7470149650458,5.71242830834511,-1.66259591405064,97.7904558761432,-2.51581739116097
"208",28.6520333499279,8.22424752930745,0.148429554979215,96.5374708411889,-2.48158172694139
"209",28.300016429616,8.02218981803087,1.06591376588964,97.1895041911168,3.01976063559663
"210",27.0443488827622,5.28175637051214,-0.81931466901527,97.4895206207328,3.33591336256679
"211",26.855695476351,5.87217576223615,-1.8004195158464,96.5338695034951,-0.425208679656784
"212",26.7706148414977,6.63611754849317,-1.56640089647406,95.3895649798461,-0.814565008976875
"213",27.4336497559639,7.17980079422148,-0.715403355015725,94.1601798213438,0.641246998759661
"214",27.9413914308548,7.64287981941378,0.17494063811329,93.5938295773078,-0.518952666614985
"215",28.3295168690165,7.48497901835152,0.636568077404699,93.5352210081626,-1.27124146188497
"216",27.617527291689,6.5078402233243,-0.121428754585602,93.8647378771791,0.792825591675413
"217",26.9089145930916,5.69760191871035,-1.36967645339834,93.4822651688681,-0.992338068328703
"218",27.433827113046,6.88751454621423,-1.04693086666031,92.3911797619597,-2.39534432642307
"219",28.4138780572832,8.17575757020729,0.500752560973142,91.8250068750057,-2.62830284494674
"220",29.0838042421472,8.22093297957499,1.6076853649726,92.2388849322889,-1.3058241567341
"221",27.7512473687826,6.22597843706368,0.252389057417652,93.3226891744361,4.24069361517162
"222",27.245763252282,5.5772138530872,-1.25085922156905,93.0739365432187,2.56189179963046
"223",26.5187412008882,6.00086566098739,-1.93797150381841,92.3196997955006,-1.84799482656958
"224",27.8469743842695,7.48591266998199,-0.640100990077777,90.8384409963888,-1.81369934798948
"225",28.6231489516385,8.5465681315513,1.08179434019621,90.6854153806583,1.12715966874165
"226",28.8205256895384,7.55732488988704,1.38385382579517,91.3085643322968,1.02761546493632
"227",28.927421204785,7.36456601134802,1.17839443978131,92.1290900218352,-0.713916571997929
"228",28.0371776836934,6.4845183465913,0.175694982890332,93.0565112266202,1.15739160302343
"229",27.5589507649682,6.05980012395677,-0.8062861391081,93.0936889103136,-1.5078197217374
"230",27.2549646436262,6.46706008787498,-1.10618047083068,92.6526396752818,-3.3355442024663
"231",28.0410668642698,7.44093316270567,-0.208751411474957,91.907604318908,-3.16124275707176
"232",28.0230196069962,7.46271803780172,0.32136018538398,91.9486711831778,-0.864890994028432
"233",27.5704028122867,6.38207528447431,-0.325691824961095,91.971690790174,4.70341165297334
"234",28.4639542844437,7.49896392767439,0.236730643560356,91.5420936024607,1.94396708410478
"235",29.3815632717137,8.64931193589214,1.73490085339295,92.0060478869044,-1.34903089889519
"236",28.4578437476458,6.89542492625514,1.07422224729381,93.3876111586181,-0.164387412097346
"237",28.8779754543896,6.93489592372431,0.641290379593383,93.8454549062639,1.0225845949968
"238",29.0069987616277,7.87968200494372,1.11979294396535,94.7234303606535,0.962511388660631
"239",28.4394169948384,6.80272197852069,0.624205369208849,95.7304291222812,0.165765432945793
"240",27.5075819302502,5.9229759678162,-0.687655776817213,96.1698461171196,0.960113581544122
"241",28.019407462236,6.96373877286917,-0.495212327769926,95.6774280473698,-2.58484375392121
"242",27.933357582489,7.37823541540132,0.0243441745570651,95.6968355096058,-3.37180542959713
"243",27.543582942857,6.43286601715072,-0.426427900181971,95.6301930920948,-2.78300734167044
"244",27.769429144229,6.86712895762074,-0.442170127977387,95.1737760349518,-1.43202497687771
"245",28.5243015493481,7.86198400839085,0.550707006485587,94.9432051791807,4.57054061059409
"246",28.5310869787339,7.54882025795418,0.924001689581547,95.4675067285288,2.80595109249563
"247",28.4276126483849,6.94858695526897,0.573388608248844,95.9985937072627,-0.800210640941003
"248",28.1213633178215,6.80632275365769,0.107752201272373,96.4262063556476,-0.215800456828373
"249",28.3887295056395,7.18024033255431,0.251051319495845,96.5475696734691,0.828907348654492
"250",28.4650161346641,7.42856025142954,0.564319754541738,96.9362991791086,1.14275172121494
"251",28.8190008534,7.51810029261565,0.921786499601578,97.4013153137727,0.59432568437533
"252",28.3227006501876,6.98762214407376,0.5429242670455,98.2203161671727,1.47821387415977
"253",29.0607902116661,7.53649292047882,0.919528030420946,98.5430168173603,-2.59722160984745
"254",28.0686298291808,6.90219651909314,0.390781626983487,99.6038070290264,-2.83531250911831
"255",28.6501499630279,6.94728516424964,0.331657625208894,99.6724368582072,-2.88081082257731
"256",28.0473577881844,7.15569525932132,0.204019489602697,100.322586821235,-1.48473981262807
"257",27.6118975695444,6.1534660814738,-0.562575201726834,100.36994460942,4.72623586991541
"258",27.9755659792719,7.11681010706052,-0.323239989353325,99.9818421789639,1.95941717396942
"259",27.6893285580648,6.9811508455844,-0.216968837812949,99.9574081582358,-0.683400533880485
"260",28.2227703759534,7.18992850467549,0.128854861260753,99.6467367163006,-0.234649611243975
"261",28.133325203079,7.32960045932407,0.338225872118818,99.869507092254,1.01883585332998
"262",28.3258925304732,7.08692433667242,0.371445724857093,100.002832295333,1.47235218053901
"263",28.5987653965985,7.51696377628455,0.691859500308715,100.328724825806,0.681250021047752
"264",27.929364208951,6.66284333999703,0.115572544981963,100.927490222405,1.99517765044433
"265",28.1239574781966,6.76834740314991,-0.130627336607755,100.856854431356,-2.93437826985041
"266",28.3445566408073,7.5087593958286,0.34319260378598,100.980811909552,-3.0669651059684
"267",28.0710313019048,6.93249273740224,0.217250964378278,101.325368550359,-2.37205142674871
"268",27.9274207109921,6.69826786984162,-0.154339110837185,101.396399852264,-1.55224707522584
"269",28.0856954750226,7.11416776112151,-0.0194311767467454,101.323820563256,4.42450373975702
"270",28.6207985983133,7.67940271229678,0.674749947370271,101.409516038279,2.07358493509094
"271",28.7214069945539,7.5823847420146,1.0171157064151,102.030314636592,-0.00399782158370232
"272",27.8563842301596,6.35526458967338,0.0250587674225159,102.751721631146,0.347735130770621
"273",27.3665550027263,5.99187124927737,-1.00137271437836,102.608105861306,0.374100443003357
"274",26.8853912168764,6.20363453974517,-1.49067968774427,101.974660864032,0.464223429816376
"275",27.4647861235394,7.00216808822227,-0.888713011035426,100.860052080909,-0.115115439207081
"276",27.3763401358419,7.09935639790952,-0.479347955664233,100.324838204448,1.9973457386666
"277",27.8686752680552,7.08232740106675,-0.131897410212911,99.7011783402898,-2.83502187194089
"278",26.9791879650147,6.32896062634626,-0.830683097647348,99.569853608345,-2.98463770490165
"279",27.7877155570371,6.85338199606263,-0.597293907209467,98.5490415733597,-3.04309080040245
"280",27.730930222584,7.4595651383613,-0.0607910462794723,98.3367571303968,-1.6988650791632
"281",28.2170692939739,7.18245054330191,0.287010578623094,98.0676873529808,4.88406887811832
"282",28.0579404545399,7.1853840318598,0.274225158992287,98.2847566469547,2.25603547839284
"283",27.5492296933449,6.33064110297233,-0.447080405799354,98.3426971014946,0.181386210276098
"284",28.4576002886631,7.50654474379446,0.185022702362675,97.8919267948395,-0.321623766257045
"285",27.9668582118557,7.25782029923443,0.318270081481658,98.3495270835026,0.880645186797812
"286",28.5648473251224,7.14402753170178,0.478680190269631,98.3163852953583,0.722043729050804
"287",28.6916698393686,7.75514325493948,0.919640580078761,98.8812326204807,0.0289120924946986
"288",28.0677461149109,6.58492928137568,0.254415160649944,99.5729024598493,2.75248899360608
"289",27.7024530157751,6.31629405821434,-0.543336805703436,99.6406485747602,-3.25009259056522
"290",27.5813021060759,6.70753026802993,-0.68395153687229,99.3431015905353,-3.66834364668731
"291",26.9016170497385,6.17194735190413,-1.23092772788585,98.9244036966112,-3.33556053237252
"292",26.8864447448316,6.23526065679587,-1.49966776326967,97.8260207463497,-2.52691772725908
"293",26.3813610941267,6.19562578610775,-1.7982677727323,96.7124654911814,4.11932953491419
"294",26.6397656491437,6.37272890389734,-1.69284916675753,95.093826585308,1.45166126450059
"295",27.1537030506294,7.22129989435846,-0.901111106371924,93.7335922344517,-0.445884885826565
"296",26.9203728423997,6.64445709971992,-0.881698223714994,92.8872952850811,-0.100323871898589
"297",27.3684848499467,6.80013215557373,-0.735469804416093,91.8076681274808,0.525102286517734
"298",27.80331152335,7.46607223245972,-0.080872603060673,91.1761529774275,0.522175884624533
"299",27.627641934018,6.87527998662532,-0.136415108727492,90.9794645007775,0.494984324954423
"300",28.0717703111564,7.11800363943143,0.0310430574013963,90.6071064347955,2.6277689802314
"301",28.2886008843381,7.508217080633,0.460006265782095,90.678876745952,-3.13208895113379
"302",28.2252741461451,7.06654423982239,0.400891327316214,90.9674776302901,-3.16012656605431
"303",28.51808692659,7.30283864059493,0.536981899642592,91.1927517764351,-3.26901629255013
"304",28.6870655543126,7.53366566214012,0.840375391418164,91.7108387030251,-2.22407908666414
"305",28.6741659973725,7.2797444254869,0.835915185357374,92.3979042573377,4.65299519705431
"306",28.3443305475417,6.89102500328336,0.409632365754761,93.0720702547102,1.7314056899875
"307",28.8673478222389,7.49179901578214,0.747815779167976,93.416400802252,-0.554859882543203
"308",28.267660490758,7.07458257375227,0.507095303458179,94.2837486244909,0.391475143883553
"309",28.5046799639136,6.92573289780957,0.338773064187476,94.5514091152488,0.599684860270007
"310",27.3405254304219,6.27948492335491,-0.606184825054602,95.0560890791624,0.447908782434103
"311",28.3130945329582,7.07188111895743,-0.200472410071907,94.3966145095843,-0.225530751690666
"312",28.1048680474001,7.65436307662244,0.382007744109019,94.7097090425425,2.69965009918883
"313",28.2668176004751,6.89241307239372,0.320780649358197,94.8145770899427,-2.47772587451134
"314",28.5622244634974,7.52578756124297,0.621388295374693,95.0813946904178,-3.26771349366059
"315",28.3419371662523,7.11562833751457,0.53099076722721,95.6436191539151,-2.74322873130717
"316",28.219781175629,6.83681754138549,0.190350200274469,95.9855563201674,-2.10845074914957
"317",27.6643496186073,6.51424387867715,-0.40363299668099,96.2053374957965,4.48981273843979
"318",28.4360478822682,7.3831772788675,0.156614947364047,95.8696871144038,1.24564956866465
"319",27.8594150392071,7.10363257246516,0.14400822635702,96.3057349966719,-0.171682603675706
"320",27.7240302125433,6.35364765329709,-0.425725100315885,96.165150035879,0.495107716348715
"321",28.268123516345,7.48851172213783,0.109861557729047,95.8891802484224,-0.0466674864329075
"322",28.6267995538209,7.76916260738874,0.860574444866874,96.1573037647674,0.936420504571937
"323",28.425217800587,7.11153525807063,0.699497528001375,96.7841033185883,0.543631855698075
"324",28.4909400622452,7.05342854186786,0.484239799642328,97.2093211191753,2.81118535725946
"325",28.0160392799139,6.7924163635691,0.0504442113313019,97.7002611814205,-2.42429733264348
"326",29.0689594655833,7.80317443089869,0.875075995406991,97.7163004613344,-3.47529713009149
"327",28.7174376731311,7.70209085810623,1.17853440603338,98.7852599269177,-1.94005430040848
"328",28.8054593356554,6.9674330019042,0.851934428013818,99.5026976000488,-1.40635989104334
"329",28.018265365541,6.64564579509355,0.0632837829789791,100.308156935704,4.45724574034399
"330",27.7130872553107,6.28199190844227,-0.611804543497206,100.326422301245,0.891295363758205
"331",27.9211713736644,7.10585804543152,-0.340346261678819,100.039509556556,-0.889690695233435
"332",28.286649487107,7.50494525268041,0.32788271872336,99.9606809302203,0.600965761780236
"333",28.0286085426717,6.99644852853786,0.234961372119002,100.247330417327,0.458277766247504
"334",28.2840856269077,7.05828313039302,0.226297554669487,100.275938959999,0.932869033109792
"335",28.0879693513463,7.09915903022438,0.181584759230374,100.560024586907,0.601914986091095
"336",28.1832980084598,6.97596721591268,0.140892656355669,100.647993938253,2.91034438748384
"337",26.9576436552544,5.93563390308972,-1.01599044017319,100.831291946713,-2.44833011673081
"338",27.3621352211509,6.35286985331717,-1.22451508286368,99.7889356019672,-4.53966322700177
"339",27.1808550506835,7.0336306785618,-0.861455719949167,99.1510708231181,-2.58718444709131
"340",28.0645616820383,7.38684398534467,-0.0141001184893697,98.3319258738017,-1.37272921248155
"341",28.4674976719607,7.91687426370641,0.826631617320457,98.3964875558399,4.84408972568866
"342",28.1075834998227,6.8423288822026,0.437289740916224,98.8639852278006,1.80816962746462
"343",28.4627410177035,7.1289422971376,0.371919807260904,98.9715687276233,-1.04736181303084
"344",29.1845409926719,8.15898128214098,1.31926261250061,99.4343097453268,0.729908058917836
"345",29.2079280535706,7.7788929565196,1.65094196479732,100.618850737999,1.61725904838848
"346",29.074153176601,7.19766647023793,1.26981657303296,101.826778791569,1.71176198962939
"347",29.2979892653354,7.56961935756557,1.31893097912636,102.90093196817,0.799581456329026
"348",29.6271881525935,7.97766383015703,1.795568436547,104.198921233506,3.47996374504941
"349",29.7977463655592,7.9260474463446,2.08454211018455,105.826109386099,-1.47066628657377
"350",28.617034705088,6.53826234438525,0.862304826468588,107.623855751658,-3.61361578065717
"351",27.553803593458,5.53943225179116,-0.886831841373273,108.240890456746,-3.04892210270606
"352",28.0874512903069,7.06533268006514,-0.566271468617942,107.794694050204,-2.83329696069039
"353",28.3367227301929,7.77881630194098,0.42346047453123,107.882145340511,4.9094224057538
"354",28.6472586967695,7.45692024935546,0.852726684592889,108.218868070704,2.5869859294056
"355",27.955228226061,6.66642676160962,0.168964802046889,108.866126767474,-0.590441563675379
"356",28.6525966333013,7.26175932236159,0.395364542041588,108.821354993535,0.396334820527459
"357",28.5660578395057,7.66895817973322,0.814723753050874,109.473951626836,1.87901837075007
"358",29.1765408859613,7.64066345350661,1.2765848304082,110.040009466342,2.38072016936261
"359",28.7881198353824,7.39994939533549,1.12086997624425,111.216550352303,1.44024490983563
"360",29.0713236018038,7.2642743266696,1.04493856503542,112.004670187685,3.8799131403849
"361",28.5404041597365,7.11289910413263,0.682795484342893,113.075993789489,-1.20639195990418
"362",27.8845073401395,6.22461909629746,-0.266311201468882,113.616397949226,-3.50071667652454
"363",28.1656037730319,7.01304000038647,-0.198845067474449,113.500905289365,-3.8243030064086
"364",27.4529675447743,6.63304675611532,-0.506394279713319,113.666509062397,-2.82025696030391
"365",27.720188299663,6.63140337003193,-0.585184049748601,113.119476607171,4.54246916186912
"366",27.1981084614217,6.65472979155459,-0.806342504955814,112.839664906834,2.21838929943753
"367",26.7237410427474,5.89051780525049,-1.5194747897124,112.037773368256,-0.935711772120792
"368",26.6442186857623,6.29044603219322,-1.72218860862905,110.761514411004,-0.713147374222053
"369",27.9943319247739,7.88041928231806,-0.201178819340728,109.405733096766,1.16946440294329
"370",28.2633889204821,7.97210389323279,0.832407718013331,109.40006502154,3.26113945168067
"371",28.2347711241822,6.92779917030684,0.557918710232062,109.663453942022,2.41234880306843
"372",28.9255363931373,7.7112289621745,0.967332698820239,109.898225066204,3.80771231069174
"373",27.8464252136814,6.6401480382578,0.204235335369777,110.823761459341,-0.49516299772968
"374",28.5644188033462,6.96269201499748,0.18635789879163,110.670186673023,-3.86056863826675
"375",28.2798218720684,7.52831648044194,0.476992866734644,111.234605476369,-3.86161099141113
"376",28.5914493977963,7.12483496705328,0.58917935094468,111.514427348437,-2.29194047986197
"377",29.2290594473681,8.08697070840195,1.36461717089795,112.105876746234,4.66730412892241
"378",28.9885730953474,7.49858617733164,1.39240743158098,113.334936193602,3.30536000783948
"379",29.3184820067354,7.45890626863285,1.37353839898088,114.323509288949,-0.437125594789153
"380",28.2274213829076,6.64190303753116,0.42790786599296,115.641991295685,-0.254241105589206
"381",27.4800167811536,5.71556794803633,-0.927032542694516,115.869412678592,0.811367440474454
"382",28.0025759059585,7.16771205356411,-0.507955385450863,115.349429459746,1.976707399717
"383",28.8504011441854,8.27228996156956,0.970645237023052,115.352005365704,2.58006085663254
"384",29.2359286124294,8.03983736976306,1.73317982243269,116.20240650989,5.0800022722613
"385",28.9187893866721,7.18344864186692,1.28977673423885,117.438335122319,0.54467437203338
"386",28.6906216580616,6.88745835872412,0.672540893607141,118.357124508991,-3.67711999639983
"387",28.4689458291667,6.99790031356679,0.374777730322434,119.047746167053,-3.974152632687
"388",27.9095964799686,6.5584000744487,-0.184841400420045,119.516691996219,-2.29404016629519
"389",27.1618209157439,5.97825081893999,-1.11606216685876,119.426288476188,4.22570420337111
"390",27.562475981718,6.80986304869119,-0.896048955684307,118.588109391932,2.28361082677947
"391",27.231550684314,6.85980728759999,-0.731482897588357,118.15058537365,-0.627262546097963
"392",28.4291807643168,7.64502538135467,0.289183143571424,117.382136057964,-0.394433817989217
"393",28.7737209030655,8.19220629008854,1.27241494933234,117.811316822281,1.45639282182913
"394",29.408171966295,7.86041536938635,1.77815290037198,118.585037725346,3.16891368980554
"395",28.0296814829312,6.42191319660108,0.449303097185414,119.993209691641,3.44047622601889
"396",27.9323472826414,6.07797670825965,-0.569502772547665,120.022891174572,4.50191546886238
"397",26.6367623877501,5.91787310469742,-1.60281567626054,119.955238457214,-0.377348919706965
"398",26.7848634783108,5.97613030744955,-1.8812914473905,118.592000844964,-4.75924689170241
"399",27.8295015275151,7.91833918985861,-0.373256445346844,117.376864323275,-4.99802232523745
"400",29.0600353037135,8.66570354800571,1.51802892447587,117.20636585079,-1.37570097643657
"401",27.8269008408521,6.58847754111516,0.57648216276594,118.266401154503,5.89140775137681
"402",27.8837695291313,6.10204934715058,-0.486320502371639,118.093301995356,1.87208836789463
"403",28.9278388362244,8.2867006916776,0.771517414423074,117.977071524487,-1.52521319894738
"404",28.0374012119405,6.99195244392239,0.559261348885278,118.904910360711,0.892266873688379
"405",27.3885976994177,5.69240521725962,-0.84550269119558,118.942311572652,1.44834526575152
"406",27.9480052145154,7.17706272758363,-0.498439724309921,118.330909272069,1.86131890706517
"407",27.7663420275149,7.21960541699019,-0.087584867730139,118.278914486585,3.61753895360251
"408",27.6006555323722,6.53306309204733,-0.415498643998262,118.0452565141,4.72152088585257
"409",28.1039303827688,7.30117966476909,-0.0207017690565537,117.645912046472,-0.844285827659638
"410",28.0676413623969,7.29570816659021,0.268128565541333,117.749842429241,-4.45806722693332
"411",28.0882181644981,6.92276181446303,0.147807260161527,117.817483791638,-4.70231415864724
"412",28.6247328938011,7.58903467680698,0.634675727367448,117.905701956136,-1.45293916197354
"413",29.062264559652,7.95047887793659,1.33957794811254,118.530434849937,6.48044242818379
"414",28.7032336316802,7.16572530672275,1.0408428292741,119.592699409589,2.82256724583122
"415",27.2072861715017,5.50332623308246,-0.836616340089479,120.295933041269,-1.35948789222463
"416",26.9210773608216,5.71709608638862,-1.8279343449661,119.503219212771,-0.604406893229159
"417",26.7494965296829,6.57582181277241,-1.65853048807698,118.424296573592,0.165441352140137
"418",27.1489458072038,6.8843505504593,-1.05243842660324,117.173793103275,1.43714071983757
"419",28.1732076632938,7.93210182697428,0.261375742772654,116.322738910479,3.50188950406181
"420",28.0695383663508,7.40237089006813,0.578018399753028,116.495946573773,5.65362271282685
"421",27.771922051573,6.46153731687917,-0.124391400615313,116.565484940124,-0.44191493759151
"422",28.0062031549116,7.01531693527346,-0.152251018404722,116.337406991697,-4.99652991005415
"423",27.3023019806115,6.48050084492145,-0.638189208177951,116.343610146608,-4.68699722337378
"424",27.6331742550438,6.65058141627656,-0.685542756795079,115.64591212722,-1.97243831705209
"425",28.1323160214084,7.67264383239517,0.150367132865305,115.279086382264,6.13102384446035
"426",27.635155691553,6.7395220417091,-0.0946291089910768,115.411402403672,3.49521107822639
"427",26.3463094035981,5.2104928925879,-1.82312879253999,115.046558095225,-1.61996585051552
"428",26.7181188901698,6.17396221638754,-2.02144580157877,113.392867498823,-2.39391400064126
"429",26.5716939049101,6.81392194052864,-1.53859817386591,112.110986388993,-0.660596431472328
"430",27.0715968213153,6.79010680465769,-1.03929402088258,110.682680293903,1.25106266036621
"431",27.4359913727146,7.28801704598347,-0.43453809367541,109.754277115218,3.2919963087195
"432",26.9484374225872,6.37334429399976,-0.864367115924402,109.190268487933,5.94163975881032
"433",27.6646076655252,6.98088546738815,-0.567634676252643,108.13870591052,-1.06857064359175
"434",27.205763637262,6.87798611471679,-0.578018174705745,107.803313576045,-5.015644442666
"435",27.8073972187859,6.90747519462484,-0.345238424747652,107.009077213307,-4.80901110865699
"436",28.3008559444786,7.8215340135317,0.481838025892063,106.816474432093,-2.06496312242725
"437",28.4827643734143,7.42456314526568,0.80024024298908,107.117330376572,6.95255785799205
"438",28.5559918303147,7.25065252889364,0.73709018249301,107.600094749986,3.91977422349207
"439",28.4800458909702,7.14003610742088,0.575920305610323,108.156086580301,-1.36931332162188
"440",28.498664497879,7.15172630937248,0.509862800294864,108.636132471271,-2.25387789322038
"441",28.1902227739754,6.91148156705507,0.222502858289535,109.13479696915,-0.508870122099846
"442",28.6410059975633,7.36375491879661,0.524298255430288,109.325019743125,1.16254422742128
"443",28.5494273898595,7.45308593739551,0.744952754485268,109.966025740689,3.65575122751611
"444",28.9341997742319,7.4576794995352,0.996390541511765,110.515453130548,6.39472569620583
"445",28.6442039354938,7.28980749686004,0.862229039891626,111.44965290478,-0.610891144056543
"446",28.4053609385357,6.78369645940982,0.379625137174986,112.093856840274,-4.72583694580596
"447",27.9053947868744,6.59721381205397,-0.209531853543457,112.49921777881,-5.02531464924717
"448",27.9808041214744,6.83368759349496,-0.274241708232906,112.404612565684,-2.46774931037328
"449",27.9969585947898,7.15211973318535,-0.0419543640615204,112.385416687158,6.78624545148701
"450",28.0330418544379,7.02729993274096,0.0503326864428289,112.382375281948,4.07189395667742
"451",28.0566548639967,7.05150935581389,0.0767452217202191,112.415417136386,-1.34201338888092
"452",27.6699564722758,6.63986215558671,-0.310872436783397,112.472072000383,-2.2023685374065
"453",27.2233814481504,6.22253308827713,-0.962696085892049,112.142028472659,-0.869007966513135
"454",27.224371353354,6.55156206993973,-1.07615698049029,111.365409920809,0.385077315698416
"455",28.1437814595218,7.711200540696,0.0273926101165615,110.589781274163,3.20731329745584
"456",26.9112081519373,6.29219273568183,-0.683242213515512,110.733562733685,7.10592623690183
"457",27.7236788157079,6.56615333386284,-0.753825721054305,109.644770885622,-1.31869840837471
"458",28.3507584504951,8.192514806029,0.508218089954171,109.36844970133,-5.15968361194311
"459",28.776284890381,7.71151400992866,1.18422811780205,109.719208151825,-3.83279984321817
"460",28.8098110914338,7.42160906933787,1.13491855178161,110.495493042206,-1.75623530044462
"461",28.7867302739937,7.2204833183799,0.91740701843073,111.30530413364,7.20785452082488
"462",28.6921908194646,7.19347363321297,0.742030855292329,112.092034407634,4.29237727505733
"463",28.8271114609046,7.36150691088375,0.831681538377988,112.784225227098,-1.14853975566794
"464",29.2394428820267,7.82356770346039,1.34212103647514,113.611336688003,-1.84086162652274
"465",28.3078008528317,6.73369638486531,0.590753255457671,114.85077957003,-0.045440263052747
"466",27.9798563212701,6.23037076771764,-0.341477292628455,115.158580422861,0.118773700563722
"467",28.2932940637944,7.33397482285423,0.020437973624561,115.138436744131,2.43768406517348
"468",27.9301496029996,6.97996182440038,0.0395461823320927,115.431730807926,7.43990105975606
"469",28.2666266872826,7.05820982851736,0.149466325304224,115.361880410925,-1.33873658397433
"470",28.1509988266538,7.23622019716262,0.26350761649397,115.628507098208,-5.10147378342575
"471",27.9623695513958,6.74062987051687,-0.0296737190092098,115.779505924862,-3.59657964605555
"472",27.8922939823489,6.84332947634791,-0.207638637902396,115.741875476258,-2.01560542992775
"473",28.5998480483286,7.66942232668601,0.535768033866697,115.634169458607,7.05118399717279
"474",27.6186452047047,6.62830633837381,-0.0449277632075614,116.234017506935,4.96179960174333
"475",27.0685887034678,5.65221532449399,-1.28096578572399,115.85266271164,-1.52023341729413
"476",27.4139759287987,6.90766060121352,-1.02511555559778,114.921251415108,-3.18864630202876
"477",27.3224090475568,6.97154308116817,-0.647104040708115,114.335227343906,-0.137779661839224
"478",27.2518502319294,6.5459502861669,-0.786600682129269,113.657636391463,0.0903167817318971
"479",26.4030499730082,5.84266538062208,-1.69248016485037,112.909486623393,1.98363435134038
"480",27.4191215767678,6.97519031246468,-1.06752727064563,111.312536596401,6.28256644037815
"481",28.3818996580206,8.43268006848303,0.659316921761923,110.731658173169,-1.36354627150965
"482",28.1243133313306,7.16899632458751,0.707290906857092,111.113557831189,-3.66879371494272
"483",27.9718240202347,6.56244046444808,0.00455276432657575,111.23787116252,-3.42758332146804
"484",27.6495105746351,6.64302150223793,-0.454094233456274,111.209695182754,-2.45316496547967
"485",28.4640599268635,7.54550137441045,0.279582381926741,110.85920575739,6.69420549941072
"486",28.1545023391185,7.35453177694411,0.492118873073178,111.323265684253,5.50730097615379
"487",28.0335111071809,6.61033494660071,0.0252534175008105,111.477768023372,-1.16570164035003
"488",29.1256172273033,8.1084770170613,1.03259871278855,111.511279130552,-3.57831135542805
"489",28.3637077430425,7.2594635143568,0.89516780813514,112.636896357856,0.970697355222076
"490",28.4230958121442,6.58331796668949,0.273829132742117,113.000604100898,0.349780296088697
"491",27.6909465232703,6.62314698479894,-0.360567227962456,113.423699913042,1.56695231802987
"492",27.1871622294004,5.98981721836852,-1.14098137851222,113.114646436313,5.90571342517708
"493",27.8813280778724,7.27398047872802,-0.494698712875973,112.301808665713,-2.37372905314113
"494",27.7354250597946,7.26763421672583,-0.0449204610531602,112.183136743586,-3.39481323621469
"495",27.5326677503576,6.47387309648409,-0.451407574444164,111.91856180338,-3.15994910474221
"496",27.6967149776036,6.90902105586893,-0.443610345460177,111.451229553738,-2.97929186899558
"497",27.5974041012849,6.90865108582391,-0.381671565888277,111.147944531341,6.60322655527965
"498",27.5109683097229,6.67145334329491,-0.536950468189774,110.745348632626,5.4159520619777
"499",28.3025262011523,7.57760856255162,0.217223069776588,110.256316942349,-1.49424829705512
"500",27.3646563133236,6.60196137147774,-0.285897970099762,110.558843143501,-3.00070279287643
"501",27.9099326222715,6.65295147115136,-0.427007382762006,109.923499456825,0.572658726699819
"502",27.6335047291161,7.16348942353787,-0.269632958773335,109.833432079097,0.00273176724005603
"503",28.3012377730718,7.26931363792261,0.233057793305738,109.466936808213,1.73044174156774
"504",28.8335388439468,8.04837751235306,1.10305079192099,109.768174581284,6.17502706309969
"505",28.2839764240603,6.90676733616833,0.664696229766638,110.601713425231,-1.32535154078807
"506",28.6280678232273,7.06278214552467,0.486156482282858,110.885689849291,-3.48804590004636
"507",29.3426247038704,8.25039805345311,1.45761001435406,111.513757672519,-3.09716695921754
"508",29.0792089162464,7.55237266218839,1.52862490007729,112.856382376389,-1.72889381554246
"509",28.6837407844404,6.74102434890675,0.746054583189343,113.935591292636,7.15559921746804
"510",28.4392179797828,6.87576466945411,0.280150327749651,114.619332077076,5.15697641088445
"511",28.3215996251208,7.01201833475723,0.191834539250016,115.058550056859,-1.618483627601
"512",27.9068057728269,6.70199442960365,-0.155491338571379,115.38014968198,-2.9886844581192
"513",27.1147720576067,5.98477552599138,-1.08657946443452,115.286955454806,0.274653156303472
"514",26.8323902926375,6.05554885171682,-1.62822130019591,114.401727512413,-1.01249270676856
"515",27.4859845330567,7.2205388346098,-0.82805702552626,113.234117805051,0.785990593284559
"516",27.7636839745778,7.46986664267054,-0.0307850318236624,112.720102338107,6.39556589770949
"517",28.2174072790496,7.36593197924484,0.411779110782789,112.483786312685,-0.855484898117526
"518",28.0808001359216,7.12126369826251,0.329997588190859,112.701193591735,-3.12211392080151
"519",28.7329707381753,7.51873111832873,0.743406938770771,112.781993727656,-2.97590326095503
"520",29.0801924842251,7.99437484114449,1.39280879482856,113.514964465832,-1.21016269721373
"521",28.4605433199896,6.84175316862439,0.776766029002279,114.595156950057,8.14997405861253
"522",27.4614842479955,5.79161518237125,-0.724115815779548,115.055700270046,4.99872957950884
"523",28.3514880807315,7.30058888722677,-0.202554305859213,114.517184518042,-2.82686844522975
"524",28.4167932199623,7.86608985053016,0.6842307636108,114.868672598773,-2.68809557089242
"525",27.9332056880109,6.52536663996708,0.11506295986057,115.285465818736,1.14074300683364
"526",27.9840786788821,6.76447948866178,-0.219396842203909,115.218671506746,-1.48712606680149
"527",28.2568021591292,7.39401277206521,0.209860798252373,115.202750185629,0.550470081946341
"528",27.0297949287151,6.00155125848933,-0.827835604917672,115.459552344758,6.7895786697747
"529",27.1890675784256,6.09784705354633,-1.36827859840781,114.489347273473,-1.8539336396282
"530",27.6546195552606,7.4881889021603,-0.505439487132069,113.678414851898,-4.02426686725518
"531",27.4454890942654,6.86015541730307,-0.356202015867836,113.333034407159,-2.48771435879473
"532",27.3757896672779,6.50961886953313,-0.687774917594542,112.778523501424,-1.35000727991066
"533",27.7836389591445,7.17277795115034,-0.319304782289987,112.154313168702,7.65959292814566
"534",28.2609180709131,7.6155383243543,0.41139007377761,111.937952127847,5.17150753065918
"535",28.2327140114315,7.2313179838845,0.513307195317237,112.19887019876,-2.21133012087545
"536",28.654399569332,7.39783133855177,0.725380880202723,112.431584210191,-2.45677758700792
"537",28.8006858696711,7.62248461939898,1.02387006109414,113.085983779523,1.5385743453854
"538",27.2912809902951,5.78891465580952,-0.530731911576076,113.886669649195,-0.864641447402509
"539",28.0337454233164,6.66554740768341,-0.644428923447176,113.17795063949,-0.660615262244137
"540",27.4809418669155,7.1559890442023,-0.408752930365876,113.211696062806,6.45512607745811
"541",28.080769143917,6.95954726039962,-0.0893254340283351,112.692637929721,-1.6979445954259
"542",29.4729193381494,8.84565081847499,1.6591064094381,112.773407073638,-4.06471960685557
"543",28.0413611451883,6.72691321980534,0.827065901158865,114.246326411788,-0.642063540319737
"544",27.0326394845822,4.98496296681843,-1.38513423103532,114.287687556976,-1.62309406010532
"545",26.6093500670137,5.98561915503133,-2.09253363014065,113.320327041558,5.6445558949641
"546",27.2194547523401,7.06370515722903,-1.20112622500827,111.929677108572,4.15712668569051
"547",28.2713141532587,8.14749092153703,0.419760482153196,111.149131860912,-2.14762496364643
"548",28.6183295576587,7.86115423472084,1.17503574672746,111.420446014171,-1.30928666547089
"549",27.5966960362324,6.17560238811174,-0.0635439547108588,112.03877557183,2.39972858010625
"550",28.3138915893596,6.96600067640648,-0.105059945701371,111.635471608062,-1.68903905929077
"551",28.6820746243545,8.07091352643954,0.869412430454729,111.949363197422,-0.694614585837663
"552",27.5670488900039,6.18814565083829,-0.126479803805699,112.631437821776,7.52603960389764
"553",26.9483868023965,5.56650541762639,-1.50983521617471,112.19848671178,-2.50979894458761
"554",26.5398674874023,6.09998927747431,-1.9558737369102,111.146873514176,-5.49821418922917
"555",26.8768196403891,6.68907466082416,-1.48766563320531,109.686741001579,-1.54207426284542
"556",26.6230512961511,6.56582596968577,-1.36787460733658,108.563560641968,-1.93401939928116
"557",26.9174107577335,6.55716765939278,-1.24092273814009,107.186611938119,5.21038186464987
"558",26.5502964141805,6.4140905296601,-1.434437832491,106.104022695852,3.71429434508328
"559",26.8137708901533,6.44904627535883,-1.40435720396031,104.654319110033,-2.73353443398633
"560",26.9026110599633,6.83767681186205,-1.11852696115508,103.468090000186,-1.86024039011206
"561",27.3834150953754,7.04280119544659,-0.61831443077268,102.37070106015,2.2374053919683
"562",27.9228722573027,7.5255426715238,0.0988946729796071,101.754116155525,-1.64623786384418
"563",28.1817760011606,7.40297822935234,0.475656203758236,101.676988412828,-0.169071914313861
"564",27.5192565147087,6.42712805936352,-0.281166552681332,101.858764413988,7.92901783324998
"565",28.5554030736955,7.45640187542252,0.273114174690854,101.378020928697,-3.08267088522409
"566",29.0003577869683,8.32912574925217,1.39202629438798,101.933424002392,-5.04181231380665
"567",27.8180315639903,6.21714944032162,0.224447654043572,102.933781789361,-0.212948513593251
"568",27.3567515653227,5.7713254477826,-1.10209284122024,102.751813353351,-2.71686995895954
"569",27.3536825565675,6.75909980922555,-1.05522090450385,102.108564918674,3.98170731243247
"570",27.1754321112515,6.66498935700035,-0.935708983366967,101.462247475241,3.47339415430883
"571",27.6819356879082,7.09465886477221,-0.452861417015805,100.637679586493,-3.06854507698598
"572",27.9211913228283,7.41095997081556,0.0917682966000032,100.319615274401,-1.76558152533985
"573",27.4751013334682,6.53882924925425,-0.356624850186272,100.240806597229,2.64836536278387
"574",27.5861821922059,6.62862080088343,-0.60888362098737,99.7159079306976,-2.10740861458993
"575",27.8689395710299,7.27169856950617,-0.174715504768878,99.3020901229035,-0.540451113430428
"576",28.5213893859804,7.7222155305175,0.649352149070119,99.1710296939334,8.20071640275615
"577",28.5740575607762,7.52938039139981,0.930694271258863,99.6924190799138,-2.36045535470659
"578",27.9967660835128,6.53643727944561,0.150940402022414,100.26647664069,-4.51243192240684
"579",27.6229191053405,6.31941282428632,-0.618169059565371,100.263242724203,-0.676511234147642
"580",27.6311784075119,6.7917670046116,-0.6367922625452,99.8861618295433,-3.39745713467322
"581",28.1758232669904,7.48352454793171,0.101218678505798,99.5173402370553,3.77347431704407
"582",27.3664305257374,6.53521275775131,-0.385908253693522,99.6931635040456,3.95691870224054
"583",27.3290460822803,6.18835774305095,-0.987092379329905,99.0595940297831,-3.53333231923467
"584",28.0517034744185,7.6118917737275,-0.124653594283889,98.3886401120633,-2.5772237822889
"585",27.937805137956,7.28267202167717,0.246933237700684,98.4403435864818,3.26025713651137
"586",28.2691385317887,7.09723119369066,0.316980641666083,98.3781487244378,-1.82473659291275
"587",28.6133264571336,7.64205063425432,0.758693746602133,98.6472872562265,-0.443219919739771
"588",29.0939928695943,7.82581955996379,1.33131320462851,99.2606137133601,8.84276703701047
"589",28.8758031217123,7.38132787729227,1.20725548949023,100.354606582954,-1.5346357947428
"590",29.3902719374876,7.64381531520654,1.42504986216267,101.230409704667,-4.13110404511456
"591",29.8685728178261,8.32870587905934,2.15656687953017,102.620681642154,-0.032695918941103
"592",29.472398484963,7.46846406374888,1.88089359496493,104.48925445998,-2.06875125561388
"593",29.368635032243,7.16797986178431,1.36831008630668,105.961652944943,4.24193838079295
"594",28.9433906326642,7.13880051200999,0.939112393650748,107.330287977186,4.12489856402486
"595",28.4394784830501,6.66892587841092,0.308133852136878,108.27367860985,-3.39453180722468
"596",28.6388199482872,7.20304420123508,0.393367001825657,108.713157092901,-2.90829790387798
"597",28.3238363088806,7.14164183911527,0.383722834366699,109.351977041188,3.46330133774644
"598",28.0253004160266,6.62525690381221,-0.0595662021634543,109.675813350068,-1.68309475379749
"599",27.5535044873388,6.45196449248244,-0.617192626983498,109.701113766095,-0.817963015927557
"600",28.2835330129506,7.37797188954255,0.00761105272904772,109.254618253434,8.29473152949291
"601",28.3003407375876,7.59877729277421,0.568048884490975,109.538151266384,-1.15666390520025
"602",26.9584164072099,5.63047450646782,-0.911128425979414,109.838492003972,-3.53232675234036
"603",26.886510450751,5.83396541168656,-1.76107478135754,108.796908411182,-1.40222141247329
"604",27.6074814895069,7.53184218613409,-0.689251746470723,107.683418861933,-3.23478584392731
"605",27.759708654562,7.38194042658463,0.0321830715882481,107.29090035144,4.77378056692704
"606",27.8113586612993,6.8841683180558,-0.039068106481902,107.050609006002,4.50683899060949
"607",28.4057460845748,7.51519109995667,0.436062496870452,106.861967667301,-3.51036348916888
"608",28.7509447359563,7.79573070882134,1.04216455482819,107.267713751876,-2.39310680392131
"609",28.2225658108884,6.81571947527183,0.506781601758001,108.018658487832,4.25903204656778
"610",29.1585156316363,7.6807855184196,0.995220111812691,108.241224298721,-1.86737527852565
"611",28.9901399375639,7.87173938511145,1.39972140519054,109.399739930357,-0.13717749750796
"612",27.2376450603591,5.35123863211115,-0.63441371755785,110.389879867921,9.16647091460436
"613",28.0924604901156,6.69908351167726,-0.738049750027484,109.62752492828,-2.80542527308909
"614",28.8065014494191,8.55408034383743,0.935195035713811,109.719985418395,-3.83324324066309
"615",27.3764690189686,6.06915278381889,-0.140364106905622,110.526486867814,0.151858931364143
"616",28.0220666112244,6.52315536867002,-0.536528768239049,109.902955886783,-4.16563306010842
"617",28.4879507861338,8.10405173573198,0.566897873326417,109.925022498007,4.29693593559706
"618",28.3985457120665,7.20292116735501,0.723416125222752,110.412973284141,5.61089072634146
"619",28.1602721095905,6.77372696072461,0.214949912073531,110.811518996208,-3.30744232181387
"620",28.4614107027507,7.26090024419188,0.357655390987939,110.971791105798,-2.61937984319671
"621",28.2097453823115,7.13190299266528,0.338175422216341,111.433201808549,4.51993229075966
"622",27.7281472218367,6.40861412063904,-0.323227286147902,111.642947190861,-1.73547228586037
"623",27.9229054642009,6.89597031433061,-0.338444584136161,111.371094412697,-0.728563376868922
"624",27.5819890124934,6.82947899663633,-0.407085303262367,111.293999876898,9.06244122893497
"625",28.7997157643573,7.83993584546896,0.651127074928571,110.875988889392,-2.97594627645277
"626",28.397538706716,7.60234518876722,0.929413010283431,111.675704653749,-2.99330739519413
"627",28.2011677998873,6.49783627150212,0.226541119832657,112.073243360465,0.754204120131367
"628",28.0236311796454,6.88522684133617,-0.103031352368586,112.274411160352,-4.6677967886063
"629",28.5512174399335,7.48749663446042,0.449038948848607,112.298042339998,4.18216277693323
"630",29.0469112267091,8.01702027134743,1.28750341259447,112.849259779931,6.09838736080188
"631",29.6021044532283,8.10549932153084,1.96239864385182,113.89617100664,-2.29042205046644
"632",28.5836382904934,6.78540742432598,1.00391581977119,115.498275459869,-1.51388052166587
"633",28.3646585051174,6.37263082735255,0.0452997871885433,116.081913750362,4.30533971508564
"634",27.8946727174876,6.77442923299854,-0.316547757648812,116.446572255479,-2.36284145850783
"635",28.375725266493,7.24626791206334,0.135601298083651,116.341244972967,-0.95413414387038
"636",29.0915242209282,8.2063656237625,1.25887957538687,116.71697023946,9.3087091409983
"637",28.8089640107231,7.40717066742767,1.26051161345593,117.808494460388,-1.76958065269026
"638",28.463107289553,6.67521575537591,0.498445733536324,118.617458471111,-2.58613672776646
"639",28.7767961875341,7.37725145725314,0.620936878270978,119.080565760664,0.429419875507279
"640",28.7137603402392,7.47252591525943,0.854602358534619,119.857361948198,-4.29054533135316
"641",27.5536167208963,6.02019996265393,-0.379609023906458,120.571122288437,4.65468869219266
"642",27.9347479166387,6.62860599895907,-0.604185687837267,120.124739009334,5.1185873234558
"643",27.6702012196269,7.1480120603679,-0.332900118747172,120.059486925972,-2.66181605150737
"644",27.1583016475625,6.14452253700812,-0.925180979374805,119.729688145599,-1.36586846129797
"645",26.9095886347914,6.21751065439799,-1.40648360344853,118.887989793162,3.44986225209376
"646",27.1929229596099,6.8387291660074,-1.06201837153528,117.797578427953,-3.14533080410984
"647",27.892069849063,7.58111708204024,-0.0774116058803718,116.990501387563,-1.11540497786298
"648",27.3588462724545,6.72174836993525,-0.308408870171736,116.882571236626,9.88982622303855
"649",27.3772452146281,6.34958411757539,-0.799041119718321,116.24141750908,-2.04783228275501
"650",27.1840748337109,6.68531566438413,-0.926257756855635,115.618662723708,-3.23655261019106
"651",27.4241528497508,6.81948652906294,-0.713449323779481,114.802737557419,0.114735539891406
"652",27.0677068507477,6.58197918057266,-0.896412756200975,114.22689040717,-4.47105880229022
"653",26.960020897643,6.29651587582692,-1.22490048013042,113.294597257918,4.23666787276532
"654",27.2320780558486,6.88639913199365,-0.936927881011827,112.254618155561,4.41510319928273
"655",27.9115255728981,7.54132115966735,-0.0403204185986875,111.48669621141,-2.77541691951372
"656",29.0032382050666,8.34659383607078,1.32729542964953,111.398221784308,-0.82454730163062
"657",29.6643341530504,8.46644831178526,2.29911991162439,112.401459989374,4.79645608816454
"658",28.8794761010595,6.97213154841512,1.43309051790962,114.065794142425,-1.67888249232458
"659",28.6895205222778,6.6139323450396,0.506148319713653,114.945270243484,-1.14327342944786
"660",28.1662140623362,6.81354938948619,0.0229194727408405,115.634790765762,9.50375856807815
"661",28.7185230570286,7.39013685597747,0.478542482587855,115.801004828098,-2.23428289326882
"662",28.6389100649569,7.5921829440503,0.853436642274823,116.519527885127,-2.8464157542136
"663",28.2095556464813,6.66323299201562,0.297369023694405,117.158437950084,0.706918483941711
"664",27.5849309001506,6.25484993070951,-0.596168423430248,117.367993596565,-4.8078258102746
"665",27.0597234511509,6.08452140931021,-1.29802964534737,116.952924496716,3.49151780347484
"666",27.6665927552801,7.10347684781762,-0.71251327069556,116.012647947867,3.49962460859294
"667",28.2433528155665,7.86652814424152,0.407439066351724,115.679240703147,-2.6719400716961
"668",28.4141326060273,7.4323924654107,0.764135831618237,115.922593518713,0.0419808426108983
"669",28.4810676130174,7.19442480381562,0.664238613777592,116.33672612474,5.22884855357524
"670",28.3378607705094,7.04268262413699,0.424226727090912,116.817793737758,-1.48445768850896
"671",27.6522867020667,6.35909979090894,-0.376271085297461,117.155654508267,-1.10059080531087
"672",27.7780280504623,6.67056382422254,-0.561157687774482,116.807941210334,8.86285835898709
"673",27.3836535693718,6.72715510064449,-0.673796056867723,116.585969260796,-2.56371906904628
"674",27.7912620284283,6.93969668259225,-0.403859459809229,115.969622830168,-3.11926065356911
"675",27.3522069161208,6.77023603392735,-0.542345531847624,115.760884858596,0.64661516653396
"676",26.9616445093334,6.04728240682099,-1.2154295205625,115.113091774717,-5.03758977634724
"677",27.5379010257213,7.064312621151,-0.764193409266956,114.074736284051,2.53880021029582
"678",26.8429574258456,6.50074672893883,-0.996277937257283,113.612637309772,3.56393722974393
"679",27.8162904274811,7.04665129333722,-0.4828523883619,112.455594735618,-3.17119334275727
"680",27.6165589052228,7.37095973126729,-0.0750596781328715,112.271885163099,0.0886321359481224
"681",26.7770564451582,5.70469250627712,-1.19940236581829,111.888444068322,5.59980828484253
"682",27.0677905579614,6.42758349145622,-1.40676396182145,110.66550051348,-2.77976518223184
"683",27.1424756304339,7.0356933042206,-0.915293706412486,109.733291071441,-1.67300731385465
"684",27.0519937250691,6.55211881377671,-0.93521562384494,108.875766701875,8.8985516632077
"685",27.9257111148805,7.44216530563307,-0.169100633525398,107.927760426944,-3.01160025526957
"686",27.4871256679182,6.99703895677156,-0.15504354317231,107.853471541825,-2.67709534793603
"687",27.2253631937523,6.13105730651102,-0.876809317113616,107.340597209743,0.643654123305518
"688",26.1801091094643,5.61124164331289,-2.04807529343907,106.565960403495,-5.90653246983623
"689",26.731387427726,6.36341140754075,-1.88211093723854,104.746069512959,1.15004185360872
"690",26.6463818556516,6.92089082475263,-1.3517069193554,103.477456940685,2.92734863728469
"691",27.3390476309934,7.005633410453,-0.715079070546387,102.123838796337,-3.25030251800464
"692",27.106811032841,6.88110269349503,-0.653510129682873,101.46288642733,0.0942655464011265
"693",27.8874322401135,7.16837703220095,-0.177979516245325,100.569697460171,5.48091097833755
"694",28.3984655262827,7.91401836113445,0.693739778476493,100.457129700285,-2.61138815003089
"695",28.9541273634288,7.80775991481543,1.3110512323395,100.855595226568,-0.758988952720197
"696",28.7028271726437,7.29688002780103,1.08009533812016,101.809722589996,9.70631157802313
"697",28.2484106436223,6.57483398520862,0.267342120870229,102.51254976264,-2.71472022746854
"698",27.64161779975,6.3111079174044,-0.571574589385505,102.760960406262,-3.10226136272741
"699",27.4327632974003,6.43733956027243,-0.916862693545233,102.402578206012,-0.0452379592900845
"700",27.5797822987133,6.94670738831392,-0.634682704621183,101.835341503413,-6.4691929095638
"701",27.8959201408932,7.27109207484115,-0.0995165579612464,101.415123802126,1.09674924192263
"702",28.4659978442772,7.65984286756838,0.615234186460902,101.311043943019,3.19844071212583
"703",28.4075200118076,7.34761200866657,0.729532571267325,101.777041787296,-2.59045965043625
"704",28.1564877018757,6.75836048240291,0.239679513214047,102.184561799104,0.441877555067699
"705",28.5395032284641,7.32829959707321,0.434326577778871,102.34104950098,5.23927146074046
"706",27.5696930989285,6.48865083321118,-0.262989522036514,102.880552729444,-2.28308855295768
"707",27.223813569797,5.9112643528039,-1.16970409525596,102.450245828372,-1.27033811950901
"708",28.1619563146703,7.66269160443955,-0.176878351105433,101.674059398169,8.61757593082704
"709",27.9524367377702,7.40473088682435,0.318751926014264,101.83601571284,-2.05202862302899
"710",27.3559391215449,6.08108775086262,-0.606143740595955,101.78845245061,-2.69753047590306
"711",27.9052895969356,7.03795205966733,-0.425621380299145,101.144391572155,-0.964150208427461
"712",27.2533809416759,6.71658752940179,-0.600537748392112,101.04968116909,-6.43124084989647
"713",27.0946503801284,6.10225099169163,-1.16102460916121,100.303062110766,0.813336771324426
"714",26.9426734267731,6.55088492611003,-1.28022239981973,99.3977124908946,2.30069170381746
"715",26.5384730636711,6.1392674450533,-1.62311216501421,98.3403859176677,-3.03957472432623
"716",26.6032928461355,6.32059725231873,-1.69409696901112,96.8788589813388,-0.418854999878996
"717",26.8201380690333,6.79006959819883,-1.30634697611187,95.4821518274743,4.55986871305919
"718",27.286537218401,7.10323190565107,-0.693734901375624,94.3022898965076,-2.49301895475885
"719",26.8709770146317,6.4985153807761,-0.948055414646422,93.5888271149086,-1.16710621385795
"720",26.6804548266729,6.05927932245804,-1.51197178901215,92.4598041295402,8.11609131160314
"721",27.532466364973,7.32749024763506,-0.700004766509894,91.1402589562132,-2.99274930057095
"722",27.6192374796164,7.37896854098724,-0.0737980196807112,90.6727253211862,-2.370040228268
"723",28.1679559255077,7.26555190836681,0.297895743739489,90.2919628008026,-0.585181667440226
"724",28.6075422335148,7.76671359228451,0.867396036083626,90.4599187263102,-6.16568894152966
"725",28.2425732825037,6.98093066350611,0.550943933717525,91.067460959825,1.58005036360894
"726",28.3660232312291,6.93960623920473,0.287608795190597,91.3100342423286,2.28162236732357
"727",27.8852920686983,6.80162085121086,-0.0870984803052633,91.6760574735578,-3.09996848512149
"728",27.4773704602263,6.27624491619723,-0.720090502031541,91.5613495422561,-0.617234148668138
"729",28.5156968591484,7.72741440222107,0.23640413696691,91.0387200024823,3.83611362925643
"730",27.577379785466,6.87801470261488,0.00284989195678043,91.5544168616307,-1.76560455253778
"731",27.0298611274165,5.59106920693058,-1.25783293343523,91.1317966470967,-1.28909151124307
"732",28.6224633796347,8.13206016177875,0.187756245277086,90.1616577745132,6.70716051853372
"733",27.6581804605251,7.20568386576964,0.309919253426482,90.7841211541479,-1.8606891387922
"734",27.769604743405,6.15188390077289,-0.445999964264868,90.442301614673,-2.16435636249837
"735",28.0617326749151,7.46159957871986,-0.0414821600835285,90.211906358078,-1.43329776666734
"736",28.0282009385527,7.1161301525199,0.173736635949322,90.2736390329931,-5.70408936280981
"737",27.4901728907697,6.39452226709052,-0.481373779756076,90.3018399715458,1.69618051612884
"738",27.1881731074974,6.23181500439463,-1.08356129378621,89.7920128623155,1.67614463441409
"739",27.954135435558,7.40831584055021,-0.307876280413867,88.9801859698129,-3.86815348072686
"740",27.9910918852612,7.47313001136894,0.274965197158242,88.9343214053709,-0.208918308117931
"741",27.9353279531075,6.79875760355409,0.0578303843766972,88.9254132906321,4.30924364062537
"742",28.3244942372302,7.32774372599858,0.301162606080124,88.8607412437397,-1.96684694898369
"743",28.1342865742164,7.14653032016077,0.316535722493723,89.1852354809699,-0.96134778524449
"744",27.2863382216032,6.02569258352836,-0.731567733520458,89.3195220551863,6.85369083869449
"745",27.7212766459917,6.76410028021398,-0.719926542941652,88.6058602767894,-2.83499655526383
"746",28.182287271667,7.75219626809899,0.231087390007665,88.3271369227812,-2.40025608228438
"747",27.055001060669,6.08758417492488,-0.673112881859574,88.5094241944482,-0.681101498568356
"748",27.1159228183956,6.02064397238675,-1.37041869049216,87.5644252551172,-6.61650518788492
"749",28.082957874358,7.89004515588688,-0.110551242071542,86.6803480735128,0.716824488515592
"750",28.268570569861,7.6983605759208,0.698731741211601,86.7633059478708,2.56618979030097
"751",27.8961139911746,6.62387105651378,0.130112297965845,87.0318765177318,-3.16979290480606
"752",28.1794519939754,7.01389093817324,0.0380094218928896,86.9279905089064,-0.585047251604152
"753",28.6068042050636,7.72005675169122,0.689057264830194,87.1074425028818,4.3231345787986
"754",28.6863008394257,7.4745989214037,0.952205904940216,87.7142467079454,-1.24679019729246
"755",28.7404752437834,7.27263105092984,0.882529164871234,88.4005475473711,-0.486748863840791
"756",29.1520673883676,7.71131214266617,1.23832517811698,89.1410227911545,7.12632188962432
"757",28.5613325937213,7.05710685563992,0.826546349688376,90.2930901795222,-2.12368441259766
"758",29.1189854942182,7.38886351641592,0.961885714322617,90.8544227732435,-2.34314922664446
"759",29.1159613002402,7.84183743489626,1.35137816079871,91.9734082674617,-0.292237982152439
"760",29.5562940986556,7.75690825747591,1.71118239233143,93.089369567702,-5.77466775298866
"761",29.7599263211806,8.0357917289279,2.05778662424817,94.6456636663576,1.4737327459915
"762",29.7991661931607,7.7369936830611,2.07156948310728,96.4055899875382,3.60198151922887
"763",29.3849685238538,7.26472671400541,1.55629181348006,98.2047561806989,-2.43279922174495
"764",29.1370436950646,7.07273171105145,1.06138007600966,99.5897247045528,-0.32032053759874
"765",29.1561047849829,7.42304797886538,1.07110249355505,100.726768399617,4.39586628985005
"766",29.1609878792764,7.51754933034089,1.21540200685955,101.8828731846,-0.823742218427088
"767",28.8924474668278,7.18273240967603,0.978484901511879,103.043861063877,0.0308004665001033
"768",28.2502418662074,6.56786785129196,0.197924444733468,103.936308530704,7.30905429930035
"769",28.5266373108924,7.10285840280369,0.230410175517288,104.186550396912,-2.5558165613057
"770",28.8777541161598,7.83233020943508,0.943559985049944,104.713187707804,-2.24029082384078
"771",28.5100010416782,7.09559755812324,0.76111941833025,105.590941823964,0.540092227282643
"772",28.99943444011,7.42704520759457,0.926157043737854,106.100942865642,-5.67907019486542
"773",29.3824733612885,8.0996575316628,1.61140470299451,107.100377305752,1.90077795358607
"774",29.4788009436923,7.72806102943665,1.80880149086972,108.482850667041,4.70163905089166
"775",28.7435773899151,6.81019770784122,0.942139765372162,109.961651610733,-1.70473819230831
"776",28.4036949876414,6.55491997506207,0.153085138347825,110.705229000648,-0.510122829757518
"777",28.260695972204,6.99549895087641,0.0398738908324577,111.108923988289,3.95078626491211
"778",28.5822365263598,7.42165778991973,0.491412131457687,111.369619960493,-0.828243267550676
"779",27.8543375167144,6.69318871149623,0.0133366496853359,111.951856486853,0.452458256419829
"780",28.4289680277212,7.0790701312335,0.150790757325448,111.806194003568,7.00224301079658
"781",28.2901758974787,7.47442575320776,0.465388917801715,112.235162031289,-2.4767464300722
"782",27.9654149327214,6.59695124152431,0.0064949010815811,112.525337928768,-1.76586507063302
"783",27.8058119640382,6.69042711040285,-0.355687103750884,112.490752861489,0.137043468806958
"784",27.9850962497144,7.09035324022175,-0.142592724402669,112.296564825527,-5.98864308446257
"785",28.273323542982,7.40736643977454,0.327028107687148,112.281661075242,1.99113119380782
"786",29.1520417967251,8.09466065508052,1.32021198083356,112.554984618224,5.1090054906662
"787",28.00398530853,6.68885839035049,0.502828904467744,113.707026414949,-0.610077537227793
"788",27.5817973236653,5.80932664319646,-0.788567439137452,113.711011723479,-0.821264439407034
"789",28.1539502434837,7.43482986628785,-0.217592685698846,113.292809047144,2.76011290810857
"790",28.1889785686813,7.47552638608524,0.386674523366052,113.446759290628,-0.393413401262822
"791",28.2905357743863,7.07297118017961,0.398927862803549,113.635737859309,0.927984642505071
"792",28.5895055341826,7.45671693842503,0.658416602370482,113.926273633695,7.07521419097619
"793",28.8926465652361,7.66419575368279,1.07668695814002,114.515779167878,-2.02002949164717
"794",28.5672806377434,7.11458450922937,0.801972307034369,115.408425733114,-1.10166931695023
"795",28.8419996002439,7.26636217167791,0.78424164041153,115.975706370857,0.251627978036332
"796",28.6527818247031,7.34759558420308,0.784299720746418,116.817705971101,-5.72228091278466
"797",27.5107861952539,5.95839723453411,-0.486422065749335,117.470487795804,2.3387267780109
"798",28.1613328413747,6.91707122411427,-0.390460734196409,116.981273991058,4.06740272520031
"799",27.8893110814189,7.36249591988632,0.0204600500242199,117.142606832433,-0.693006313113522
"800",27.6979251810644,6.49009952813601,-0.335715869560377,117.031917913852,-0.458768519520718
"801",27.4197492370236,6.56353263698417,-0.721774983848209,116.729843094916,2.25021243624458
"802",28.0440469966124,7.29632126964166,-0.142980238783166,116.14959233194,-0.829880764278653
"803",27.5795897907439,6.92952992844923,-0.187823515035742,116.193639328552,1.22430591214673
"804",28.086502866856,6.97497738999565,-0.0552407599729286,115.773229119296,7.00474411942542
"805",27.3014816181156,6.60477655138296,-0.539514567297884,115.859731986152,-2.04505210165152
"806",27.0165132509242,5.93579688103252,-1.29897434211042,115.161213604268,-1.49689276556727
"807",27.4752756581052,7.09472317000933,-0.82600778704606,114.177726855192,-0.812575140931149
"808",28.2332242163148,7.8471182496431,0.353865776063171,113.653002513297,-5.62755774277532
"809",28.5843314964732,7.73227838370004,0.99080180865067,113.886226729612,3.185845027654
"810",29.0702442255934,7.7336975284016,1.36823635896403,114.470558226085,4.79968110890034
"811",28.6483499062279,7.16958389163398,0.981364494763355,115.540802451679,0.0406912152880766
"812",28.9299108872934,7.21720966850274,0.86190860547906,116.189152357906,-0.289184627886737
"813",28.5277908655562,7.19273913171741,0.654890644813777,117.1190632452,2.46742210474732
"814",28.3848497400383,6.79868829493921,0.288302028629364,117.646854110756,-0.637141632561242
"815",29.2695937243602,8.04638061348755,1.17877171914697,118.031703850794,1.02299420708594
"816",28.6801818354434,7.38696673194663,1.12948155183454,119.301297575155,8.05112473291296
"817",28.1964161482031,6.29510892852738,0.114445922254928,119.981479410598,-1.65808536970489
"818",28.10446644678,6.86170859255612,-0.172321332807474,120.177895558801,-2.20178383703988
"819",27.4370684977368,6.42804041179573,-0.662884418814133,120.282362005581,-0.950866548375032
"820",27.5764532243672,6.59877792403451,-0.762806057079063,119.719430503318,-6.19951733097959
"821",27.2092752459336,6.67887855895018,-0.853873308775702,119.295883727685,2.78462295168851
"822",26.6720773871654,5.93788792555237,-1.52164601461748,118.505158973619,4.47855966785052
"823",27.5594484851552,7.17261774648355,-0.815906093994293,117.177236360784,-1.02142085915955
"824",27.8540533069792,7.68816054135071,0.129576572848154,116.736684845939,-0.116566881403185
"825",28.6456386669207,7.69856667821578,0.886334425512166,116.590738152918,3.15558264609803
"826",28.8459392534962,7.79394118766171,1.27276034001089,117.236376819839,0.0614250456545382
"827",29.0752943642763,7.49519179320936,1.33146131464028,118.082316073335,1.81693539474766
"828",29.6603157604978,8.07929418160625,1.86225114575314,119.157610437612,8.54631652612232
"829",27.9714384922075,6.20884221711299,0.371329511326786,120.817926198109,-0.578791188098644
"830",27.5536784967388,5.58691911645759,-1.09263503870056,120.789364690317,-2.99294161992689
"831",27.4405110847161,6.85437383035736,-1.00681103612442,120.343043187056,-2.36394743191744
"832",28.0981908919283,7.46949334916836,-0.0481217186769488,119.783554271772,-6.34514350062224
"833",27.5555299347907,6.85481534891748,-0.170637823356194,119.8817451637,3.25411630085687
"834",27.4929984335437,6.34925532566657,-0.679383509580435,119.437275098491,4.333375016768
"835",26.8217451234299,6.2130838143312,-1.3166060657575,118.930273532034,-1.67216553349298
"836",26.8739699649521,6.26349786676372,-1.5059012099313,117.752018655464,-0.90348306707199
"837",27.2982190583118,7.15269524399121,-0.85212182570294,116.625988620416,2.41908051286175
"838",27.8323777283958,7.46586392371944,-0.0270083495645608,115.924207678728,0.214120289645744
"839",27.8972818031468,7.18286000096267,0.174631345341012,115.756585407124,2.28279931846709
"840",28.0933930392976,7.07697889678339,0.188893731472552,115.653867210271,8.72917652708499
"841",28.046074960961,7.07549208172865,0.14602687572179,115.747260249568,-0.501812291315255
"842",28.2139185226059,7.12049721687636,0.224252569249531,115.793335210529,-2.91744953819825
"843",28.2643801789287,7.2294268930287,0.3449026760513,116.007253733135,-2.24345021504108
"844",29.1951593368438,8.02437572447649,1.2588625602179,116.271633912064,-6.11571660759354
"845",28.9144045753954,7.64945780262958,1.40536539876313,117.466793248908,4.27849202533336
"846",29.169250939461,7.27281559696901,1.24284379442402,118.381197824303,4.98283281939758
"847",29.5905952319296,8.06628230443605,1.74272106763737,119.550448763764,-1.39934993652397
"848",28.3112123953801,6.50231715660826,0.63941059834591,121.141043995694,0.162799237364059
"849",27.9264359240372,5.99562881479665,-0.542925627056883,121.452256391074,1.92139766947001
"850",27.5404983114529,6.65780679308069,-0.809218653658909,121.378692315111,-0.790250895557606
"851",28.2405491724792,7.40482007905693,-0.0114378251184037,120.919190626564,1.94060611154778
"852",28.1207025372214,7.41204037977519,0.38453158377441,121.159739799043,9.13399660614191
"853",27.6288325705431,6.34707155804109,-0.316245184468556,121.280442336265,-0.0897719115400666
"854",27.7741653573873,6.77489159975426,-0.480098977282382,120.909274906808,-3.57037798015715
"855",27.701276149142,7.01644769542873,-0.320900972832809,120.683440264195,-2.46855861528682
"856",27.4364335728329,6.55096174041383,-0.595472866114493,120.384716413337,-6.09926891216481
"857",27.3499523990999,6.57396493948575,-0.813584047769039,119.82114998617,3.82945376574719
"858",28.3433812767325,7.75142185570268,0.223613079281066,119.17110238527,4.55679775888332
"859",28.6075798450047,7.92292704027434,1.04668358743532,119.514483662002,-0.647928080821294
"860",28.9391647162651,7.49466221632825,1.23438073264104,120.122063507007,1.0857262776384
"861",28.8551252995441,7.39586140762803,1.10043612388274,121.061228223272,2.41605988579826
"862",27.8459741899721,6.21185483175781,-0.0838821062733645,121.916353522816,-0.394389487929572
"863",28.3562438345145,6.95318079026125,-0.100238467644313,121.762327712788,1.1524609433056
"864",28.127319417179,7.38216992985186,0.230391277408162,122.118571547303,9.08717739640316
"865",27.5198211623146,6.21824823964036,-0.49826622770125,122.245890964482,0.292398018311789
"866",27.3053324139701,6.33649152261782,-1.02155377268656,121.765712126797,-4.35212974051679
"867",26.7178294580098,6.15976205735393,-1.5080771904814,121.071044540767,-3.132067092669
"868",26.5405801027605,6.06812026298713,-1.83182653100993,119.788873998776,-6.93950685481088
"869",27.5332864708373,7.45651105772792,-0.727340558561076,118.329454101537,2.89757402873431
"870",27.9607715578993,7.78896942301006,0.330150439396041,117.862740572374,5.01330881661124
"871",28.4298434078404,7.46332181462728,0.749894895860728,117.823512130274,0.141041342188767
"872",28.3414451888025,7.22869548520678,0.633083035014645,118.253355538114,1.54904809226568
"873",28.124167971365,6.77229822599853,0.175727959386625,118.594800726916,2.64475537100505
"874",28.1979736827905,7.02998346536265,0.100860486622585,118.718968698281,-0.62209126193104
"875",28.4769045620162,7.43940974400288,0.492080365283231,118.916942381072,1.18244440866825
"876",28.5810501369024,7.41689390307833,0.744706533910198,119.393846943088,9.52658714040604
"877",27.6773262498086,6.31742442485266,-0.198167320315575,119.974897079991,0.70929192139012
"878",27.4342696173569,6.14833085182973,-0.962338436122755,119.652223329799,-5.03470531566413
"879",27.3428118795633,6.75373054671496,-0.927824943369041,119.086492947156,-3.98373624083928
"880",27.4762858724845,6.88156907249101,-0.643072051740518,118.429304826719,-7.18577630809592
"881",27.2355049975952,6.64224847670609,-0.75656525766589,117.905590699204,2.77914310122532
"882",28.0429865046079,7.35850067136778,-0.0953775627539234,117.141095696799,4.65555729331733
"883",28.5666880165477,8.00284580104019,0.883204797401245,117.184082201407,0.49954201355655
"884",28.9796256357298,7.73146260025238,1.3575328580041,117.750770217955,2.55189389330586
"885",27.7584808966844,6.26153012716469,0.0779360791053708,118.730395853685,3.37621797125743
"886",27.3847057612107,5.82253169729184,-1.0994815471254,118.488876750369,-1.36056113476635
"887",27.9036361581308,7.34478071990019,-0.47111801030452,117.87358251158,0.0049761059600899
"888",28.9750527173807,8.37698194179964,1.13911880015918,117.77721866971,9.87136786030623
"889",29.7233709247163,8.56603582897837,2.32498399097927,118.752271387091,2.08627386318976
"890",29.952773526999,8.05816207122074,2.54518463917849,120.475642311808,-3.46866948668576
"891",29.6053701091688,7.3740267613231,1.94547192406729,122.428415838807,-2.92557416961853
"892",29.7485867485505,7.54396069238478,1.74369555084494,124.033785947975,-6.81174954677282
"893",28.697552006094,6.77690929330718,0.832899754930434,125.782372696526,3.32310379361011
"894",29.4742060494368,7.48259611279648,1.09114008012052,126.47992470262,4.43246658662451
"895",28.967470827537,7.68501599540129,1.2574816256911,127.954130752057,0.982138126353026
"896",27.9706536557411,5.95896413867261,-0.0707879656802427,128.921601579594,3.23690988870715
"897",27.6802189457072,6.29615785468814,-0.821409613329179,128.892255235335,2.33518210993004
"898",27.0902926956142,6.34656904269266,-1.19653330755234,128.572474181042,-2.06440328007821
"899",27.8108424725698,7.12589282980484,-0.547166185681949,127.662766876656,-0.648454851347255
"900",27.7326868420017,7.33943783250103,-0.0533074558405077,127.473609349226,9.99726069011107
"901",27.8919444496197,6.86383065124826,-0.0594974238106672,127.206296191228,2.42571169569079
"902",28.0854788702022,7.24902681823866,0.135453964671787,127.098240640847,-3.60483883543751
"903",28.6076468514862,7.62076319756016,0.719146238317358,127.18371951105,-2.67654735137987
"904",27.9902957830354,6.84529464576136,0.284458113473135,127.791366362536,-6.19098634921266
"905",28.8815540126971,7.46296926406591,0.688517275455466,127.781662145571,3.16839843937147
"906",28.2416857338143,7.2881232075712,0.600206403874495,128.663216158268,4.89543585069042
"907",28.6805607161834,7.01963536809749,0.547111509783412,128.904901892083,1.27026133392422
"908",28.717850479692,7.66090702239376,0.864624413199961,129.585462608266,3.25654525680464
"909",28.0175695014298,6.5065347419096,0.145296130848648,130.303313087958,2.9960891323238
"910",28.0200536431429,6.6443620980202,-0.274616745518524,130.320882589388,-2.55786853816861
"911",28.6522211025067,7.78831429789827,0.556653701506638,130.340936232531,-1.00409275332706
"912",28.5882034220005,7.51223228398721,0.906038686542255,130.993157335037,10.7855749880093
"913",28.1916548439272,6.66744657298234,0.293804925160518,131.581360757038,2.93794397967801
"914",27.5578894495237,6.25218393281706,-0.608173075243736,131.773015600965,-3.93739226245516
"915",28.6791071912611,7.70884947730123,0.320123532203994,131.330905050489,-3.42436341856282
"916",29.0413297530231,8.33198614746464,1.48226373014198,132.01001224175,-5.48213687191143
"917",29.0238922167708,7.33795884816047,1.40951148488331,133.051341994773,4.5003845868361
"918",28.4981133172628,6.7885791835739,0.612998790494937,134.075234211544,5.2333946988509
"919",28.3636329253289,6.79529844566252,0.169974675673544,134.573347528807,1.05884051749813
"920",28.3673049294053,7.18731741396505,0.261323619715623,134.936980454136,3.05184370246716
"921",28.146969978033,6.95302757548083,0.155433029973452,135.304285383541,3.18340654628884
"922",28.0726503758915,6.86985674323548,-0.011291674165575,135.451255361574,-2.60484096268778
"923",27.5217456068281,6.48579622023033,-0.53597318897243,135.523905737465,-1.13423601009158
"924",27.986598994337,7.01297985839924,-0.294172608182076,135.045651344294,10.2713712082397
"925",27.6912871961682,7.05222703875548,-0.186890585268249,135.032250338631,2.95092383807725
"926",28.7732943575494,7.7133809394438,0.689779862319803,134.723537534799,-3.88516522369969
"927",27.8587474181424,7.00087698995717,0.33679745082117,135.496831892348,-2.71098247911901
"928",27.7158651668477,6.10838879879321,-0.535796695233964,135.355579310491,-5.48125988195426
"929",27.5322571996209,6.82476435695892,-0.677108178273499,135.071444477338,3.60877338562931
"930",27.7639849831901,6.98567330090763,-0.367711953925198,134.603701676959,5.05815905580982
"931",27.9160483704861,7.21675637347804,-0.0265348491675937,134.367686660149,1.04451381840575
"932",27.2856797631993,6.36577975017418,-0.622367704629725,134.283735030635,3.2686000759452
"933",27.1760096390063,6.2583236824063,-1.12376240448165,133.569414793835,2.54918629646303
"934",26.7784208656718,6.35750063006978,-1.41466821802088,132.745424432841,-3.34651728028148
"935",26.2151575749152,5.78058129853531,-2.05666995440865,131.523845298513,-1.7767353800218
"936",27.1692720806682,7.05425532408425,-1.25353253237996,129.739002873428,9.05195250677498
"937",27.1707782603956,7.28240598018095,-0.555960317189768,128.908274954096,3.00517916216151
"938",27.8675707156953,7.17380008230685,-0.0562511179887871,128.079053214492,-3.60275924351874
"939",27.9135135841466,7.3493433020325,0.204075155185936,127.946623930187,-2.53718239681217
"940",27.5908281809089,6.52068934187669,-0.297919491024858,127.860137514334,-5.13191657992175
"941",28.3482287335958,7.42360598521536,0.187263984450352,127.450965695242,3.129462727506
"942",27.8338029569838,7.07542164604064,0.138685249537617,127.799194428838,5.48176504102518
"943",27.9849529529966,6.66492188710015,-0.14184784658149,127.632997385822,1.11993546444639
"944",27.6553105060797,6.8496051158068,-0.352767897650697,127.617950338819,2.93352196304535
"945",27.2479709554444,6.25837239964552,-0.896742561862454,127.273260844898,2.39879141226983
"946",27.2196926381408,6.53991209834827,-1.0542553443196,126.521231800343,-4.08814488063596
"947",27.5148541419178,7.06196099646045,-0.608954586941846,125.740924438484,-2.23682328167353
"948",27.6730405458948,7.12545033288493,-0.237959181969397,125.255778580401,9.11391350323543
"949",28.2516358456542,7.46977226289352,0.338091448105745,124.928819126296,3.13062949504643
"950",28.0008557242445,7.10922231643759,0.289412308893653,125.18045497195,-3.13298698062521
"951",27.905431292241,6.65550642558337,-0.121340917301773,125.181310696195,-2.42796008037458
"952",27.854557007987,6.91624128489421,-0.228204524315052,125.086741988436,-5.47641015433838
"953",27.1606814106396,6.24349488151878,-0.884734961511008,124.941298996423,3.04570401240021
"954",27.9944467296735,7.16323811422952,-0.369794478236654,124.101980407062,4.72525992254395
"955",27.126369829101,6.70069151215035,-0.612642396265958,124.096427136736,1.28317357867591
"956",27.3136686124221,6.22877308038141,-1.00403142212228,123.222796965837,2.63421347519569
"957",27.3951965764311,7.09167725146765,-0.693838909951399,122.536465578259,1.62756449265124
"958",28.172971872025,7.5441484775492,0.191914486564036,121.93166215469,-3.99646762916831
"959",28.5183714020439,7.79240308841963,0.876336725152284,122.104634026715,-1.69267480412433
"960",27.9126601433069,6.60927453629506,0.206356480741267,122.623005428759,9.90631659165505
"961",27.4817596188623,6.1535902881853,-0.736454078160424,122.535665572066,2.7399040313415
"962",27.7882682666831,7.01183499604504,-0.518095361730935,122.017425190928,-3.97939669243991
"963",27.8580804379299,7.23404531577516,-0.0852681382616341,121.805693457611,-2.41612508432954
"964",27.7165553247969,6.77436364895316,-0.220448600217013,121.663773895541,-5.24236483856322
"965",27.837870564599,6.92393345281325,-0.23305265733785,121.380329220338,2.82006766135337
"966",27.9209167840811,7.11140678573272,-0.058080239120686,121.218199784937,4.64919337535721
"967",27.7792102565031,6.84432838979104,-0.173631560661634,121.139116569018,1.39458036440862
"968",27.4721944327538,6.51716614113089,-0.592568185422039,120.918326825521,2.47854186498673
"969",26.7784983769482,5.97364007364757,-1.41030373083221,120.390521258275,1.14473063378213
"970",27.3437668310019,6.79957115559003,-1.08300980193304,119.169019635223,-5.02282755552074
"971",27.7974203459317,7.63168566230711,-0.10256798846786,118.512786466225,-1.8931036485343
"972",28.0236368710626,7.25986737730713,0.283664890265104,118.310206812157,10.5380022539622
"973",28.2219231005436,7.22760779887693,0.384362279414413,118.333843683219,2.99977140864862
"974",27.9217439890948,6.83999140452105,0.0542119983280197,118.555766783763,-3.75178889356299
"975",28.3521667387658,7.20517145038811,0.245371872206834,118.477510772858,-2.57613367980849
"976",28.8372697854602,7.90500129054947,1.00497816392948,118.829677511624,-5.03719338817512
"977",29.0156000859093,7.66187929316177,1.34306246592399,119.666947297084,3.72506895190284
"978",29.3145933008219,7.68415406184044,1.53028176256583,120.682547382993,5.31107266851897
"979",29.3801773494852,7.69331261249499,1.62573220501803,121.997140683815,2.07873442624906
"980",29.2562286241902,7.38497973069085,1.42290122966713,123.3773180333,3.17185447748172
"981",29.1517324916285,7.30844653075267,1.19555231025776,124.63354665749,1.52971036447298
"982",28.8886182110326,7.15879759584477,0.906953326903782,125.785279149119,-4.71438102476807
"983",29.3177598761341,7.6634586721383,1.25219455169156,126.673897360151,-1.73430605268953
"984",29.2905319220769,7.76081464576199,1.53047003011653,127.991657236285,11.2014609261005
"985",29.2462366149277,7.35500613622029,1.38494566234269,129.282189158362,3.76058605441061
"986",28.7272166345226,6.9501395631226,0.791594301925352,130.52842577329,-3.39678275734269
"987",28.2160302140319,6.5170298914679,0.037555443873439,131.255642407813,-2.62599411668589
"988",28.8116628510844,7.5281735419598,0.534312007998983,131.471672621845,-5.52016349670722
"989",28.925375550457,7.84138300449528,1.16674788509677,132.283335472929,4.25324249386264
"990",27.7465989289272,6.11503046604737,-0.0563397526233148,133.208711023386,6.15245567301425
"991",27.4871932407614,6.01671215026742,-1.02149900355934,132.955309952313,1.19376489229643
"992",28.4735831495287,7.90164146222095,0.161113503456547,132.442503193075,2.18856662774915
"993",28.3270249457046,7.59567327247825,0.748006630598368,132.916086342603,2.43135182669393
"994",28.7158382218993,7.23446644022808,0.813804527681699,133.243111288308,-4.11870775228982
"995",29.0979636938445,7.89037437214829,1.29474392960583,133.958949510207,-1.49983961246145
"996",28.5185320974492,6.9620074468952,0.814137367621995,135.056913204052,12.0918352982487
"997",27.6544013529113,5.96234031019719,-0.504959420644909,135.575445301501,3.72259350130581
"998",27.6659909537541,6.55778008400693,-0.810897595188719,135.229846654412,-4.4344424471455
"999",27.0539389428552,6.44506261384799,-1.08543646625488,134.895837608166,-3.06821403267895
"1000",27.4090272109359,6.67154411405881,-0.918756883632749,133.949776551022,-6.07510088285923
